TPLNR;PLTXT;TPLKZ;FLTYP;EQART;BRGEW;GEWEI;GROES;INVNR;DATAB;ANSWT;WAERS;ANSDT;HERST;HERLD;TYPBZ;BAUJJ;BAUMM;MAPAR;SERGE;SWERK;STORT;BEBER;MSGRP;ABCKZ;EQFNR;BUKRS;KOSTL;RBNR;ANLNR;ANLUN;PROID;IWERK;INGRP;GEWRK;WERGW;TPLMA;POSNR;SUBMT;IEQUI;EINZL;NAME1;SORT1;STREET;HOUSE_NUM1;POST_CODE1;CITY1;COUNTRY;REGION;TIME_ZONE;TEL_NUMBER;MOB_NUMBER;FAX_NUMBER;SMTP_ADDR;PARVW;PARNR;TEL_NUMBER_OLD;MOB_NUMBER_OLD;FAX_NUMBER_OLD;ZZITO_CAP_NOM;ZZITO_CAP_PART;PARNR_OLD;SMTP_ADDR_OLD;PARVW_OLD;LONGITUDE;LATITUDE;ALTITUDE;Z_ABCKZ;TRPNR;ADRNRI
COS-COG3-0A;Subestacion;Z-RSS;S;;;;;;;;;;;;;;;;;IIII;11;18;;I;;EEEE;TTTTTTTTTT;YYYYYYYY;;;;UUUU;NNN;KKKKKKK;PPPP;COS-COG3;;;;;;;;;;;CO;;;;;;;;;;;;;;;;;-12,00;12,88;;;;
COS-COG3-0A-1T;Transformador común AT/MT;Z-RSS;S;;;;;;;;;;;;;;;;;IIII;11;18;;I;;EEEE;TTTTTTTTTT;YYYYYYYY;;;;UUUU;NNN;KKKKKKK;PPPP;COS-COG3-0A;;;;;;;;;;;CO;;;;;;;;;;;;;;;;;-12,00;12,88;;;;
COS-COG3-0A-1T-HV;Sección AT;Z-RSS;S;;;;;;;;;;;;;;;;;IIII;11;18;;I;;EEEE;TTTTTTTTTT;YYYYYYYY;;;;UUUU;NNN;KKKKKKK;PPPP;COS-COG3-0A-1T;;;;;;;;;;;CO;;;;;;;;;;;;;;;;;-12,00;12,88;;;;
COS-COG3-0A-1T-HV-IT;Interruptor AT/Int automático/IGIS;Z-RSS;S;;;;;;;;;;;;;;;;;IIII;11;18;;I;;EEEE;TTTTTTTTTT;YYYYYYYY;;;;UUUU;NNN;KKKKKKK;PPPP;COS-COG3-0A-1T-HV;;;;;;;;;;;CO;;;;;;;;;;;;;;;;;-12,00;12,88;;;;
COS-COG3-0A-1T-HV-BS;Conexión AT;Z-RSS;S;;;;;;;;;;;;;;;;;IIII;11;18;;I;;EEEE;TTTTTTTTTT;YYYYYYYY;;;;UUUU;NNN;KKKKKKK;PPPP;COS-COG3-0A-1T-HV;;;;;;;;;;;CO;;;;;;;;;;;;;;;;;-12,00;12,88;;;;
COS-COG3-0A-1T-OC;Obras civiles;Z-RSS;S;;;;;;;;;;;;;;;;;IIII;11;18;;I;;EEEE;TTTTTTTTTT;YYYYYYYY;;;;UUUU;NNN;KKKKKKK;PPPP;COS-COG3-0A-1T;;;;;;;;;;;CO;;;;;;;;;;;;;;;;;-12,00;12,88;;;;
COS-COG3-0A-1T-HV-R1;Relés de protección AT/MT;Z-RSS;S;;;;;;;;;;;;;;;;;IIII;11;18;;I;;EEEE;TTTTTTTTTT;YYYYYYYY;;;;UUUU;NNN;KKKKKKK;PPPP;COS-COG3-0A-1T-HV;;;;;;;;;;;CO;;;;;;;;;;;;;;;;;-12,00;12,88;;;;
COS-COG3-0A-1T-HV-R2;Relés de protección AT/MT;Z-RSS;S;;;;;;;;;;;;;;;;;IIII;11;18;;I;;EEEE;TTTTTTTTTT;YYYYYYYY;;;;UUUU;NNN;KKKKKKK;PPPP;COS-COG3-0A-1T-HV;;;;;;;;;;;CO;;;;;;;;;;;;;;;;;-12,00;12,88;;;;
COS-COG3-0A-1T-HV-S1;Pararrayos AT;Z-RSS;S;;;;;;;;;;;;;;;;;IIII;11;18;;I;;EEEE;TTTTTTTTTT;YYYYYYYY;;;;UUUU;NNN;KKKKKKK;PPPP;COS-COG3-0A-1T-HV;;;;;;;;;;;CO;;;;;;;;;;;;;;;;;-12,00;12,88;;;;
COS-COG3-0A-1T-HV-D1;Seccionador AT;Z-RSS;S;;;;;;;;;;;;;;;;;IIII;11;18;;I;;EEEE;TTTTTTTTTT;YYYYYYYY;;;;UUUU;NNN;KKKKKKK;PPPP;COS-COG3-0A-1T-HV;;;;;;;;;;;CO;;;;;;;;;;;;;;;;;-12,00;12,88;;;;
COS-COG3-0A-1T-HV-A1;Transf medida/protección AT (TC);Z-RSS;S;;;;;;;;;;;;;;;;;IIII;11;18;;I;;EEEE;TTTTTTTTTT;YYYYYYYY;;;;UUUU;NNN;KKKKKKK;PPPP;COS-COG3-0A-1T-HV;;;;;;;;;;;CO;;;;;;;;;;;;;;;;;-12,00;12,88;;;;
COS-COG3-0A-1T-HV-M1;Contador de energía;Z-RSS;S;;;;;;;;;;;;;;;;;IIII;11;18;;I;;EEEE;TTTTTTTTTT;YYYYYYYY;;;;UUUU;NNN;KKKKKKK;PPPP;COS-COG3-0A-1T-HV;;;;;;;;;;;CO;;;;;;;;;;;;;;;;;-12,00;12,88;;;;
COS-COG3-0A-1T-M1;Sección MT;Z-RSS;S;;;;;;;;;;;;;;;;;IIII;11;18;;I;;EEEE;TTTTTTTTTT;YYYYYYYY;;;;UUUU;NNN;KKKKKKK;PPPP;COS-COG3-0A-1T;;;;;;;;;;;CO;;;;;;;;;;;;;;;;;-12,00;12,88;;;;
COS-COG3-0A-1T-M2;Sección MT;Z-RSS;S;;;;;;;;;;;;;;;;;IIII;11;18;;I;;EEEE;TTTTTTTTTT;YYYYYYYY;;;;UUUU;NNN;KKKKKKK;PPPP;COS-COG3-0A-1T;;;;;;;;;;;CO;;;;;;;;;;;;;;;;;-12,00;12,88;;;;
COS-COG3-0A-1T-M1-BS;Conexión MT;Z-RSS;S;;;;;;;;;;;;;;;;;IIII;11;18;;I;;EEEE;TTTTTTTTTT;YYYYYYYY;;;;UUUU;NNN;KKKKKKK;PPPP;COS-COG3-0A-1T-M1;;;;;;;;;;;CO;;;;;;;;;;;;;;;;;-12,00;12,88;;;;
COS-COG3-0A-1T-M2-BS;Conexión MT;Z-RSS;S;;;;;;;;;;;;;;;;;IIII;11;18;;I;;EEEE;TTTTTTTTTT;YYYYYYYY;;;;UUUU;NNN;KKKKKKK;PPPP;COS-COG3-0A-1T-M2;;;;;;;;;;;CO;;;;;;;;;;;;;;;;;-12,00;12,88;;;;
COS-COG3-0A-1T-M1-ZR;Reactor en derivación;Z-RSS;S;;;;;;;;;;;;;;;;;IIII;11;18;;I;;EEEE;TTTTTTTTTT;YYYYYYYY;;;;UUUU;NNN;KKKKKKK;PPPP;COS-COG3-0A-1T-M1;;;;;;;;;;;CO;;;;;;;;;;;;;;;;;-12,00;12,88;;;;
COS-COG3-0A-1T-M2-ZR;Reactor en derivación;Z-RSS;S;;;;;;;;;;;;;;;;;IIII;11;18;;I;;EEEE;TTTTTTTTTT;YYYYYYYY;;;;UUUU;NNN;KKKKKKK;PPPP;COS-COG3-0A-1T-M2;;;;;;;;;;;CO;;;;;;;;;;;;;;;;;-12,00;12,88;;;;
COS-COG3-0A-1T-M1-ER;Reactor de puesta a tierra;Z-RSS;S;;;;;;;;;;;;;;;;;IIII;11;18;;I;;EEEE;TTTTTTTTTT;YYYYYYYY;;;;UUUU;NNN;KKKKKKK;PPPP;COS-COG3-0A-1T-M1;;;;;;;;;;;CO;;;;;;;;;;;;;;;;;-12,00;12,88;;;;
COS-COG3-0A-1T-M2-ER;Reactor de puesta a tierra;Z-RSS;S;;;;;;;;;;;;;;;;;IIII;11;18;;I;;EEEE;TTTTTTTTTT;YYYYYYYY;;;;UUUU;NNN;KKKKKKK;PPPP;COS-COG3-0A-1T-M2;;;;;;;;;;;CO;;;;;;;;;;;;;;;;;-12,00;12,88;;;;
COS-COG3-0A-1T-M1-D1;Seccionador MT;Z-RSS;S;;;;;;;;;;;;;;;;;IIII;11;18;;I;;EEEE;TTTTTTTTTT;YYYYYYYY;;;;UUUU;NNN;KKKKKKK;PPPP;COS-COG3-0A-1T-M1;;;;;;;;;;;CO;;;;;;;;;;;;;;;;;-12,00;12,88;;;;
COS-COG3-0A-1T-M2-D1;Seccionador MT;Z-RSS;S;;;;;;;;;;;;;;;;;IIII;11;18;;I;;EEEE;TTTTTTTTTT;YYYYYYYY;;;;UUUU;NNN;KKKKKKK;PPPP;COS-COG3-0A-1T-M2;;;;;;;;;;;CO;;;;;;;;;;;;;;;;;-12,00;12,88;;;;
COS-COG3-0A-1T-M1-V1;Transf medida/protección MT (TV);Z-RSS;S;;;;;;;;;;;;;;;;;IIII;11;18;;I;;EEEE;TTTTTTTTTT;YYYYYYYY;;;;UUUU;NNN;KKKKKKK;PPPP;COS-COG3-0A-1T-M1;;;;;;;;;;;CO;;;;;;;;;;;;;;;;;-12,00;12,88;;;;
COS-COG3-0A-1T-M2-V1;Transf medida/protección MT (TV);Z-RSS;S;;;;;;;;;;;;;;;;;IIII;11;18;;I;;EEEE;TTTTTTTTTT;YYYYYYYY;;;;UUUU;NNN;KKKKKKK;PPPP;COS-COG3-0A-1T-M2;;;;;;;;;;;CO;;;;;;;;;;;;;;;;;-12,00;12,88;;;;
COS-COG3-0A-1L;Línea AT;Z-RSS;S;;;;;;;;;;;;;;;;;IIII;11;18;;I;;EEEE;TTTTTTTTTT;YYYYYYYY;;;;UUUU;NNN;KKKKKKK;PPPP;COS-COG3-0A;;;;;;;;;;;CO;;;;;;;;;;;;;;;;;-12,00;12,88;;;;
COS-COG3-0A-1L-HV;Sección AT;Z-RSS;S;;;;;;;;;;;;;;;;;IIII;11;18;;I;;EEEE;TTTTTTTTTT;YYYYYYYY;;;;UUUU;NNN;KKKKKKK;PPPP;COS-COG3-0A-1L;;;;;;;;;;;CO;;;;;;;;;;;;;;;;;-12,00;12,88;;;;
COS-COG3-0A-1L-HV-BS;Conexión AT;Z-RSS;S;;;;;;;;;;;;;;;;;IIII;11;18;;I;;EEEE;TTTTTTTTTT;YYYYYYYY;;;;UUUU;NNN;KKKKKKK;PPPP;COS-COG3-0A-1L-HV;;;;;;;;;;;CO;;;;;;;;;;;;;;;;;-12,00;12,88;;;;
COS-COG3-0A-1L-OC;Obra civil;Z-RSS;S;;;;;;;;;;;;;;;;;IIII;11;18;;I;;EEEE;TTTTTTTTTT;YYYYYYYY;;;;UUUU;NNN;KKKKKKK;PPPP;COS-COG3-0A-1L;;;;;;;;;;;CO;;;;;;;;;;;;;;;;;-12,00;12,88;;;;
COS-COG3-0A-1L-OL;Líneas eléctricas aéreas;Z-RSS;S;;;;;;;;;;;;;;;;;IIII;11;18;;I;;EEEE;TTTTTTTTTT;YYYYYYYY;;;;UUUU;NNN;KKKKKKK;PPPP;COS-COG3-0A-1L;;;;;;;;;;;CO;;;;;;;;;;;;;;;;;-12,00;12,88;;;;
COS-COG3-0A-1L-UL;Líneas eléctricas subterráneas;Z-RSS;S;;;;;;;;;;;;;;;;;IIII;11;18;;I;;EEEE;TTTTTTTTTT;YYYYYYYY;;;;UUUU;NNN;KKKKKKK;PPPP;COS-COG3-0A-1L;;;;;;;;;;;CO;;;;;;;;;;;;;;;;;-12,00;12,88;;;;
COS-COG3-0A-1L-HV-S1;Pararrayos AT;Z-RSS;S;;;;;;;;;;;;;;;;;IIII;11;18;;I;;EEEE;TTTTTTTTTT;YYYYYYYY;;;;UUUU;NNN;KKKKKKK;PPPP;COS-COG3-0A-1L-HV;;;;;;;;;;;CO;;;;;;;;;;;;;;;;;-12,00;12,88;;;;
COS-COG3-0A-1L-HV-V1;Trafos M&P AT (TP);Z-RSS;S;;;;;;;;;;;;;;;;;IIII;11;18;;I;;EEEE;TTTTTTTTTT;YYYYYYYY;;;;UUUU;NNN;KKKKKKK;PPPP;COS-COG3-0A-1L-HV;;;;;;;;;;;CO;;;;;;;;;;;;;;;;;-12,00;12,88;;;;
COS-COG3-0A-1L-HV-M1;Contador de energía;Z-RSS;S;;;;;;;;;;;;;;;;;IIII;11;18;;I;;EEEE;TTTTTTTTTT;YYYYYYYY;;;;UUUU;NNN;KKKKKKK;PPPP;COS-COG3-0A-1L-HV;;;;;;;;;;;CO;;;;;;;;;;;;;;;;;-12,00;12,88;;;;
COS-COG3-0A-LA;Distribución serv. auxiliares BT;Z-RSS;S;;;;;;;;;;;;;;;;;IIII;11;18;;I;;EEEE;TTTTTTTTTT;YYYYYYYY;;;;UUUU;NNN;KKKKKKK;PPPP;COS-COG3-0A;;;;;;;;;;;CO;;;;;;;;;;;;;;;;;-12,00;12,88;;;;
COS-COG3-0A-LA-LP;Cuadro CC BT - ininterrumpido;Z-RSS;S;;;;;;;;;;;;;;;;;IIII;11;18;;I;;EEEE;TTTTTTTTTT;YYYYYYYY;;;;UUUU;NNN;KKKKKKK;PPPP;COS-COG3-0A-LA;;;;;;;;;;;CO;;;;;;;;;;;;;;;;;-12,00;12,88;;;;
COS-COG3-0A-LA-LN;Cuadro CA BT - alim. normal/emerg.;Z-RSS;S;;;;;;;;;;;;;;;;;IIII;11;18;;I;;EEEE;TTTTTTTTTT;YYYYYYYY;;;;UUUU;NNN;KKKKKKK;PPPP;COS-COG3-0A-LA;;;;;;;;;;;CO;;;;;;;;;;;;;;;;;-12,00;12,88;;;;
COS-COG3-0A-LA-LU;Cuadro CA BT - ininterrumpido;Z-RSS;S;;;;;;;;;;;;;;;;;IIII;11;18;;I;;EEEE;TTTTTTTTTT;YYYYYYYY;;;;UUUU;NNN;KKKKKKK;PPPP;COS-COG3-0A-LA;;;;;;;;;;;CO;;;;;;;;;;;;;;;;;-12,00;12,88;;;;
COS-COG3-0A-LA-SB;Cuadro general BT;Z-RSS;S;;;;;;;;;;;;;;;;;IIII;11;18;;I;;EEEE;TTTTTTTTTT;YYYYYYYY;;;;UUUU;NNN;KKKKKKK;PPPP;COS-COG3-0A-LA;;;;;;;;;;;CO;;;;;;;;;;;;;;;;;-12,00;12,88;;;;
COS-COG3-0A-LA-SG;Celdas de maniobra BT;Z-RSS;S;;;;;;;;;;;;;;;;;IIII;11;18;;I;;EEEE;TTTTTTTTTT;YYYYYYYY;;;;UUUU;NNN;KKKKKKK;PPPP;COS-COG3-0A-LA;;;;;;;;;;;CO;;;;;;;;;;;;;;;;;-12,00;12,88;;;;
COS-COG3-0A-LA-LP-01;Cuadro de baja tensión CC n. 01;Z-RSS;S;;;;;;;;;;;;;;;;;IIII;11;18;;I;;EEEE;TTTTTTTTTT;YYYYYYYY;;;;UUUU;NNN;KKKKKKK;PPPP;COS-COG3-0A-LA-LP;;;;;;;;;;;CO;;;;;;;;;;;;;;;;;-12,00;12,88;;;;
COS-COG3-0A-LA-LN-01;Cuadro de baja tensión CA n. 01;Z-RSS;S;;;;;;;;;;;;;;;;;IIII;11;18;;I;;EEEE;TTTTTTTTTT;YYYYYYYY;;;;UUUU;NNN;KKKKKKK;PPPP;COS-COG3-0A-LA-LN;;;;;;;;;;;CO;;;;;;;;;;;;;;;;;-12,00;12,88;;;;
COS-COG3-0A-LA-LU-01;Cuadro de baja tensión CA n. 01;Z-RSS;S;;;;;;;;;;;;;;;;;IIII;11;18;;I;;EEEE;TTTTTTTTTT;YYYYYYYY;;;;UUUU;NNN;KKKKKKK;PPPP;COS-COG3-0A-LA-LU;;;;;;;;;;;CO;;;;;;;;;;;;;;;;;-12,00;12,88;;;;
COS-COG3-0A-LA-SB-01;Cuadro general BT n. 01;Z-RSS;S;;;;;;;;;;;;;;;;;IIII;11;18;;I;;EEEE;TTTTTTTTTT;YYYYYYYY;;;;UUUU;NNN;KKKKKKK;PPPP;COS-COG3-0A-LA-SB;;;;;;;;;;;CO;;;;;;;;;;;;;;;;;-12,00;12,88;;;;
COS-COG3-0A-LA-SG-01;Celdas de maniobra BT n. 01;Z-RSS;S;;;;;;;;;;;;;;;;;IIII;11;18;;I;;EEEE;TTTTTTTTTT;YYYYYYYY;;;;UUUU;NNN;KKKKKKK;PPPP;COS-COG3-0A-LA-SG;;;;;;;;;;;CO;;;;;;;;;;;;;;;;;-12,00;12,88;;;;
COS-COG3-0A-SA;Equipos servicio auxiliar;Z-RSS;S;;;;;;;;;;;;;;;;;IIII;11;18;;I;;EEEE;TTTTTTTTTT;YYYYYYYY;;;;UUUU;NNN;KKKKKKK;PPPP;COS-COG3-0A;;;;;;;;;;;CO;;;;;;;;;;;;;;;;;-12,00;12,88;;;;
COS-COG3-0A-SA-DG;Generador diésel;Z-RSS;S;;;;;;;;;;;;;;;;;IIII;11;18;;I;;EEEE;TTTTTTTTTT;YYYYYYYY;;;;UUUU;NNN;KKKKKKK;PPPP;COS-COG3-0A-SA;;;;;;;;;;;CO;;;;;;;;;;;;;;;;;-12,00;12,88;;;;
COS-COG3-0A-SA-EP;Suministro eléctrico externo;Z-RSS;S;;;;;;;;;;;;;;;;;IIII;11;18;;I;;EEEE;TTTTTTTTTT;YYYYYYYY;;;;UUUU;NNN;KKKKKKK;PPPP;COS-COG3-0A-SA;;;;;;;;;;;CO;;;;;;;;;;;;;;;;;-12,00;12,88;;;;
COS-COG3-0A-SA-TR;Trafo servicio auxiliar;Z-RSS;S;;;;;;;;;;;;;;;;;IIII;11;18;;I;;EEEE;TTTTTTTTTT;YYYYYYYY;;;;UUUU;NNN;KKKKKKK;PPPP;COS-COG3-0A-SA;;;;;;;;;;;CO;;;;;;;;;;;;;;;;;-12,00;12,88;;;;
COS-COG3-0A-SA-UP;SAI (Sistema Aliment. Ininterr.);Z-RSS;S;;;;;;;;;;;;;;;;;IIII;11;18;;I;;EEEE;TTTTTTTTTT;YYYYYYYY;;;;UUUU;NNN;KKKKKKK;PPPP;COS-COG3-0A-SA;;;;;;;;;;;CO;;;;;;;;;;;;;;;;;-12,00;12,88;;;;
COS-COG3-0A-SA-FC;HVAC (Climatización);Z-RSS;S;;;;;;;;;;;;;;;;;IIII;11;18;;I;;EEEE;TTTTTTTTTT;YYYYYYYY;;;;UUUU;NNN;KKKKKKK;PPPP;COS-COG3-0A-SA;;;;;;;;;;;CO;;;;;;;;;;;;;;;;;-12,00;12,88;;;;
COS-COG3-0A-SA-TR-01;Transformador n. 01;Z-RSS;S;;;;;;;;;;;;;;;;;IIII;11;18;;I;;EEEE;TTTTTTTTTT;YYYYYYYY;;;;UUUU;NNN;KKKKKKK;PPPP;COS-COG3-0A-SA-TR;;;;;;;;;;;CO;;;;;;;;;;;;;;;;;-12,00;12,88;;;;
COS-COG3-0A-SA-TR-02;Transformador n. 02;Z-RSS;S;;;;;;;;;;;;;;;;;IIII;11;18;;I;;EEEE;TTTTTTTTTT;YYYYYYYY;;;;UUUU;NNN;KKKKKKK;PPPP;COS-COG3-0A-SA-TR;;;;;;;;;;;CO;;;;;;;;;;;;;;;;;-12,00;12,88;;;;
COS-COG3-0A-1M;Fdr n.01 - Conexión de alimentadores MT;Z-RSS;S;;;;;;;;;;;;;;;;;IIII;11;18;;I;;EEEE;TTTTTTTTTT;YYYYYYYY;;;;UUUU;NNN;KKKKKKK;PPPP;COS-COG3-0A;;;;;;;;;;;CO;;;;;;;;;;;;;;;;;-12,00;12,88;;;;
COS-COG3-0A-2M;Fdr n.02 - Conexión de alimentadores MT;Z-RSS;S;;;;;;;;;;;;;;;;;IIII;11;18;;I;;EEEE;TTTTTTTTTT;YYYYYYYY;;;;UUUU;NNN;KKKKKKK;PPPP;COS-COG3-0A;;;;;;;;;;;CO;;;;;;;;;;;;;;;;;-12,00;12,88;;;;
COS-COG3-0A-3M;Fdr n.03 - Conexión de alimentadores MT;Z-RSS;S;;;;;;;;;;;;;;;;;IIII;11;18;;I;;EEEE;TTTTTTTTTT;YYYYYYYY;;;;UUUU;NNN;KKKKKKK;PPPP;COS-COG3-0A;;;;;;;;;;;CO;;;;;;;;;;;;;;;;;-12,00;12,88;;;;
COS-COG3-0A-4M;Fdr n.04 - Conexión de alimentadores MT;Z-RSS;S;;;;;;;;;;;;;;;;;IIII;11;18;;I;;EEEE;TTTTTTTTTT;YYYYYYYY;;;;UUUU;NNN;KKKKKKK;PPPP;COS-COG3-0A;;;;;;;;;;;CO;;;;;;;;;;;;;;;;;-12,00;12,88;;;;
COS-COG3-0A-5M;Fdr n.05 - Conexión de alimentadores MT;Z-RSS;S;;;;;;;;;;;;;;;;;IIII;11;18;;I;;EEEE;TTTTTTTTTT;YYYYYYYY;;;;UUUU;NNN;KKKKKKK;PPPP;COS-COG3-0A;;;;;;;;;;;CO;;;;;;;;;;;;;;;;;-12,00;12,88;;;;
COS-COG3-0A-6M;Fdr n.06 - Conexión de alimentadores MT;Z-RSS;S;;;;;;;;;;;;;;;;;IIII;11;18;;I;;EEEE;TTTTTTTTTT;YYYYYYYY;;;;UUUU;NNN;KKKKKKK;PPPP;COS-COG3-0A;;;;;;;;;;;CO;;;;;;;;;;;;;;;;;-12,00;12,88;;;;
COS-COG3-0A-7M;Fdr n.07 - Conexión de alimentadores MT;Z-RSS;S;;;;;;;;;;;;;;;;;IIII;11;18;;I;;EEEE;TTTTTTTTTT;YYYYYYYY;;;;UUUU;NNN;KKKKKKK;PPPP;COS-COG3-0A;;;;;;;;;;;CO;;;;;;;;;;;;;;;;;-12,00;12,88;;;;
COS-COG3-0A-8M;Fdr n.08 - Conexión de alimentadores MT;Z-RSS;S;;;;;;;;;;;;;;;;;IIII;11;18;;I;;EEEE;TTTTTTTTTT;YYYYYYYY;;;;UUUU;NNN;KKKKKKK;PPPP;COS-COG3-0A;;;;;;;;;;;CO;;;;;;;;;;;;;;;;;-12,00;12,88;;;;
COS-COG3-0A-9M;Fdr n.09 - Conexión de alimentadores MT;Z-RSS;S;;;;;;;;;;;;;;;;;IIII;11;18;;I;;EEEE;TTTTTTTTTT;YYYYYYYY;;;;UUUU;NNN;KKKKKKK;PPPP;COS-COG3-0A;;;;;;;;;;;CO;;;;;;;;;;;;;;;;;-12,00;12,88;;;;
COS-COG3-0A-AM;Fdr n.10 - Conexión de alimentadores MT;Z-RSS;S;;;;;;;;;;;;;;;;;IIII;11;18;;I;;EEEE;TTTTTTTTTT;YYYYYYYY;;;;UUUU;NNN;KKKKKKK;PPPP;COS-COG3-0A;;;;;;;;;;;CO;;;;;;;;;;;;;;;;;-12,00;12,88;;;;
COS-COG3-0A-BM;Fdr n.11 - Conexión de alimentadores MT;Z-RSS;S;;;;;;;;;;;;;;;;;IIII;11;18;;I;;EEEE;TTTTTTTTTT;YYYYYYYY;;;;UUUU;NNN;KKKKKKK;PPPP;COS-COG3-0A;;;;;;;;;;;CO;;;;;;;;;;;;;;;;;-12,00;12,88;;;;
COS-COG3-0A-CM;Fdr n.12 - Conexión de alimentadores MT;Z-RSS;S;;;;;;;;;;;;;;;;;IIII;11;18;;I;;EEEE;TTTTTTTTTT;YYYYYYYY;;;;UUUU;NNN;KKKKKKK;PPPP;COS-COG3-0A;;;;;;;;;;;CO;;;;;;;;;;;;;;;;;-12,00;12,88;;;;
COS-COG3-0A-DM;Fdr n.13 - Conexión de alimentadores MT;Z-RSS;S;;;;;;;;;;;;;;;;;IIII;11;18;;I;;EEEE;TTTTTTTTTT;YYYYYYYY;;;;UUUU;NNN;KKKKKKK;PPPP;COS-COG3-0A;;;;;;;;;;;CO;;;;;;;;;;;;;;;;;-12,00;12,88;;;;
COS-COG3-0A-EM;Fdr n.14 - Conexión de alimentadores MT;Z-RSS;S;;;;;;;;;;;;;;;;;IIII;11;18;;I;;EEEE;TTTTTTTTTT;YYYYYYYY;;;;UUUU;NNN;KKKKKKK;PPPP;COS-COG3-0A;;;;;;;;;;;CO;;;;;;;;;;;;;;;;;-12,00;12,88;;;;
COS-COG3-0A-FM;Fdr n.15 - Conexión de alimentadores MT;Z-RSS;S;;;;;;;;;;;;;;;;;IIII;11;18;;I;;EEEE;TTTTTTTTTT;YYYYYYYY;;;;UUUU;NNN;KKKKKKK;PPPP;COS-COG3-0A;;;;;;;;;;;CO;;;;;;;;;;;;;;;;;-12,00;12,88;;;;
COS-COG3-0A-GM;Fdr n.16 - Conexión de alimentadores MT;Z-RSS;S;;;;;;;;;;;;;;;;;IIII;11;18;;I;;EEEE;TTTTTTTTTT;YYYYYYYY;;;;UUUU;NNN;KKKKKKK;PPPP;COS-COG3-0A;;;;;;;;;;;CO;;;;;;;;;;;;;;;;;-12,00;12,88;;;;
COS-COG3-0A-HM;Fdr n.17 - Conexión de alimentadores MT;Z-RSS;S;;;;;;;;;;;;;;;;;IIII;11;18;;I;;EEEE;TTTTTTTTTT;YYYYYYYY;;;;UUUU;NNN;KKKKKKK;PPPP;COS-COG3-0A;;;;;;;;;;;CO;;;;;;;;;;;;;;;;;-12,00;12,88;;;;
COS-COG3-0A-1M-MA;Fdr n.01 - Sección MT;Z-RSS;S;;;;;;;;;;;;;;;;;IIII;11;18;;I;;EEEE;TTTTTTTTTT;YYYYYYYY;;;;UUUU;NNN;KKKKKKK;PPPP;COS-COG3-0A-1M;;;;;;;;;;;CO;;;;;;;;;;;;;;;;;-12,00;12,88;;;;
COS-COG3-0A-2M-MA;Fdr n.02 - Sección MT;Z-RSS;S;;;;;;;;;;;;;;;;;IIII;11;18;;I;;EEEE;TTTTTTTTTT;YYYYYYYY;;;;UUUU;NNN;KKKKKKK;PPPP;COS-COG3-0A-2M;;;;;;;;;;;CO;;;;;;;;;;;;;;;;;-12,00;12,88;;;;
COS-COG3-0A-3M-MA;Fdr n.03 - Sección MT;Z-RSS;S;;;;;;;;;;;;;;;;;IIII;11;18;;I;;EEEE;TTTTTTTTTT;YYYYYYYY;;;;UUUU;NNN;KKKKKKK;PPPP;COS-COG3-0A-3M;;;;;;;;;;;CO;;;;;;;;;;;;;;;;;-12,00;12,88;;;;
COS-COG3-0A-4M-MA;Fdr n.04 - Sección MT;Z-RSS;S;;;;;;;;;;;;;;;;;IIII;11;18;;I;;EEEE;TTTTTTTTTT;YYYYYYYY;;;;UUUU;NNN;KKKKKKK;PPPP;COS-COG3-0A-4M;;;;;;;;;;;CO;;;;;;;;;;;;;;;;;-12,00;12,88;;;;
COS-COG3-0A-5M-MA;Fdr n.05 - Sección MT;Z-RSS;S;;;;;;;;;;;;;;;;;IIII;11;18;;I;;EEEE;TTTTTTTTTT;YYYYYYYY;;;;UUUU;NNN;KKKKKKK;PPPP;COS-COG3-0A-5M;;;;;;;;;;;CO;;;;;;;;;;;;;;;;;-12,00;12,88;;;;
COS-COG3-0A-6M-MA;Fdr n.06 - Sección MT;Z-RSS;S;;;;;;;;;;;;;;;;;IIII;11;18;;I;;EEEE;TTTTTTTTTT;YYYYYYYY;;;;UUUU;NNN;KKKKKKK;PPPP;COS-COG3-0A-6M;;;;;;;;;;;CO;;;;;;;;;;;;;;;;;-12,00;12,88;;;;
COS-COG3-0A-7M-MA;Fdr n.07 - Sección MT;Z-RSS;S;;;;;;;;;;;;;;;;;IIII;11;18;;I;;EEEE;TTTTTTTTTT;YYYYYYYY;;;;UUUU;NNN;KKKKKKK;PPPP;COS-COG3-0A-7M;;;;;;;;;;;CO;;;;;;;;;;;;;;;;;-12,00;12,88;;;;
COS-COG3-0A-8M-MA;Fdr n.08 - Sección MT;Z-RSS;S;;;;;;;;;;;;;;;;;IIII;11;18;;I;;EEEE;TTTTTTTTTT;YYYYYYYY;;;;UUUU;NNN;KKKKKKK;PPPP;COS-COG3-0A-8M;;;;;;;;;;;CO;;;;;;;;;;;;;;;;;-12,00;12,88;;;;
COS-COG3-0A-9M-MA;Fdr n.09 - Sección MT;Z-RSS;S;;;;;;;;;;;;;;;;;IIII;11;18;;I;;EEEE;TTTTTTTTTT;YYYYYYYY;;;;UUUU;NNN;KKKKKKK;PPPP;COS-COG3-0A-9M;;;;;;;;;;;CO;;;;;;;;;;;;;;;;;-12,00;12,88;;;;
COS-COG3-0A-AM-MA;Fdr n.10 - Sección MT;Z-RSS;S;;;;;;;;;;;;;;;;;IIII;11;18;;I;;EEEE;TTTTTTTTTT;YYYYYYYY;;;;UUUU;NNN;KKKKKKK;PPPP;COS-COG3-0A-AM;;;;;;;;;;;CO;;;;;;;;;;;;;;;;;-12,00;12,88;;;;
COS-COG3-0A-BM-MA;Fdr n.11 - Sección MT;Z-RSS;S;;;;;;;;;;;;;;;;;IIII;11;18;;I;;EEEE;TTTTTTTTTT;YYYYYYYY;;;;UUUU;NNN;KKKKKKK;PPPP;COS-COG3-0A-BM;;;;;;;;;;;CO;;;;;;;;;;;;;;;;;-12,00;12,88;;;;
COS-COG3-0A-CM-MA;Fdr n.12 - Sección MT;Z-RSS;S;;;;;;;;;;;;;;;;;IIII;11;18;;I;;EEEE;TTTTTTTTTT;YYYYYYYY;;;;UUUU;NNN;KKKKKKK;PPPP;COS-COG3-0A-CM;;;;;;;;;;;CO;;;;;;;;;;;;;;;;;-12,00;12,88;;;;
COS-COG3-0A-DM-MA;Fdr n.13 - Sección MT;Z-RSS;S;;;;;;;;;;;;;;;;;IIII;11;18;;I;;EEEE;TTTTTTTTTT;YYYYYYYY;;;;UUUU;NNN;KKKKKKK;PPPP;COS-COG3-0A-DM;;;;;;;;;;;CO;;;;;;;;;;;;;;;;;-12,00;12,88;;;;
COS-COG3-0A-EM-MA;Fdr n.14 - Sección MT;Z-RSS;S;;;;;;;;;;;;;;;;;IIII;11;18;;I;;EEEE;TTTTTTTTTT;YYYYYYYY;;;;UUUU;NNN;KKKKKKK;PPPP;COS-COG3-0A-EM;;;;;;;;;;;CO;;;;;;;;;;;;;;;;;-12,00;12,88;;;;
COS-COG3-0A-FM-MA;Fdr n.15 - Sección MT;Z-RSS;S;;;;;;;;;;;;;;;;;IIII;11;18;;I;;EEEE;TTTTTTTTTT;YYYYYYYY;;;;UUUU;NNN;KKKKKKK;PPPP;COS-COG3-0A-FM;;;;;;;;;;;CO;;;;;;;;;;;;;;;;;-12,00;12,88;;;;
COS-COG3-0A-GM-MA;Fdr n.16 - Sección MT;Z-RSS;S;;;;;;;;;;;;;;;;;IIII;11;18;;I;;EEEE;TTTTTTTTTT;YYYYYYYY;;;;UUUU;NNN;KKKKKKK;PPPP;COS-COG3-0A-GM;;;;;;;;;;;CO;;;;;;;;;;;;;;;;;-12,00;12,88;;;;
COS-COG3-0A-HM-MA;Fdr n.17 - Sección MT;Z-RSS;S;;;;;;;;;;;;;;;;;IIII;11;18;;I;;EEEE;TTTTTTTTTT;YYYYYYYY;;;;UUUU;NNN;KKKKKKK;PPPP;COS-COG3-0A-HM;;;;;;;;;;;CO;;;;;;;;;;;;;;;;;-12,00;12,88;;;;
COS-COG3-0A-1M-MA-BS;Fdr n.01 - Conexión MT;Z-RSS;S;;;;;;;;;;;;;;;;;IIII;11;18;;I;;EEEE;TTTTTTTTTT;YYYYYYYY;;;;UUUU;NNN;KKKKKKK;PPPP;COS-COG3-0A-1M-MA;;;;;;;;;;;CO;;;;;;;;;;;;;;;;;-12,00;12,88;;;;
COS-COG3-0A-2M-MA-BS;Fdr n.02 - Conexión MT;Z-RSS;S;;;;;;;;;;;;;;;;;IIII;11;18;;I;;EEEE;TTTTTTTTTT;YYYYYYYY;;;;UUUU;NNN;KKKKKKK;PPPP;COS-COG3-0A-2M-MA;;;;;;;;;;;CO;;;;;;;;;;;;;;;;;-12,00;12,88;;;;
COS-COG3-0A-3M-MA-BS;Fdr n.03 - Conexión MT;Z-RSS;S;;;;;;;;;;;;;;;;;IIII;11;18;;I;;EEEE;TTTTTTTTTT;YYYYYYYY;;;;UUUU;NNN;KKKKKKK;PPPP;COS-COG3-0A-3M-MA;;;;;;;;;;;CO;;;;;;;;;;;;;;;;;-12,00;12,88;;;;
COS-COG3-0A-4M-MA-BS;Fdr n.04 - Conexión MT;Z-RSS;S;;;;;;;;;;;;;;;;;IIII;11;18;;I;;EEEE;TTTTTTTTTT;YYYYYYYY;;;;UUUU;NNN;KKKKKKK;PPPP;COS-COG3-0A-4M-MA;;;;;;;;;;;CO;;;;;;;;;;;;;;;;;-12,00;12,88;;;;
COS-COG3-0A-5M-MA-BS;Fdr n.05 - Conexión MT;Z-RSS;S;;;;;;;;;;;;;;;;;IIII;11;18;;I;;EEEE;TTTTTTTTTT;YYYYYYYY;;;;UUUU;NNN;KKKKKKK;PPPP;COS-COG3-0A-5M-MA;;;;;;;;;;;CO;;;;;;;;;;;;;;;;;-12,00;12,88;;;;
COS-COG3-0A-6M-MA-BS;Fdr n.06 - Conexión MT;Z-RSS;S;;;;;;;;;;;;;;;;;IIII;11;18;;I;;EEEE;TTTTTTTTTT;YYYYYYYY;;;;UUUU;NNN;KKKKKKK;PPPP;COS-COG3-0A-6M-MA;;;;;;;;;;;CO;;;;;;;;;;;;;;;;;-12,00;12,88;;;;
COS-COG3-0A-7M-MA-BS;Fdr n.07 - Conexión MT;Z-RSS;S;;;;;;;;;;;;;;;;;IIII;11;18;;I;;EEEE;TTTTTTTTTT;YYYYYYYY;;;;UUUU;NNN;KKKKKKK;PPPP;COS-COG3-0A-7M-MA;;;;;;;;;;;CO;;;;;;;;;;;;;;;;;-12,00;12,88;;;;
COS-COG3-0A-8M-MA-BS;Fdr n.08 - Conexión MT;Z-RSS;S;;;;;;;;;;;;;;;;;IIII;11;18;;I;;EEEE;TTTTTTTTTT;YYYYYYYY;;;;UUUU;NNN;KKKKKKK;PPPP;COS-COG3-0A-8M-MA;;;;;;;;;;;CO;;;;;;;;;;;;;;;;;-12,00;12,88;;;;
COS-COG3-0A-9M-MA-BS;Fdr n.09 - Conexión MT;Z-RSS;S;;;;;;;;;;;;;;;;;IIII;11;18;;I;;EEEE;TTTTTTTTTT;YYYYYYYY;;;;UUUU;NNN;KKKKKKK;PPPP;COS-COG3-0A-9M-MA;;;;;;;;;;;CO;;;;;;;;;;;;;;;;;-12,00;12,88;;;;
COS-COG3-0A-AM-MA-BS;Fdr n.10 - Conexión MT;Z-RSS;S;;;;;;;;;;;;;;;;;IIII;11;18;;I;;EEEE;TTTTTTTTTT;YYYYYYYY;;;;UUUU;NNN;KKKKKKK;PPPP;COS-COG3-0A-AM-MA;;;;;;;;;;;CO;;;;;;;;;;;;;;;;;-12,00;12,88;;;;
COS-COG3-0A-BM-MA-BS;Fdr n.11 - Conexión MT;Z-RSS;S;;;;;;;;;;;;;;;;;IIII;11;18;;I;;EEEE;TTTTTTTTTT;YYYYYYYY;;;;UUUU;NNN;KKKKKKK;PPPP;COS-COG3-0A-BM-MA;;;;;;;;;;;CO;;;;;;;;;;;;;;;;;-12,00;12,88;;;;
COS-COG3-0A-CM-MA-BS;Fdr n.12 - Conexión MT;Z-RSS;S;;;;;;;;;;;;;;;;;IIII;11;18;;I;;EEEE;TTTTTTTTTT;YYYYYYYY;;;;UUUU;NNN;KKKKKKK;PPPP;COS-COG3-0A-CM-MA;;;;;;;;;;;CO;;;;;;;;;;;;;;;;;-12,00;12,88;;;;
COS-COG3-0A-DM-MA-BS;Fdr n.13 - Conexión MT;Z-RSS;S;;;;;;;;;;;;;;;;;IIII;11;18;;I;;EEEE;TTTTTTTTTT;YYYYYYYY;;;;UUUU;NNN;KKKKKKK;PPPP;COS-COG3-0A-DM-MA;;;;;;;;;;;CO;;;;;;;;;;;;;;;;;-12,00;12,88;;;;
COS-COG3-0A-EM-MA-BS;Fdr n.14 - Conexión MT;Z-RSS;S;;;;;;;;;;;;;;;;;IIII;11;18;;I;;EEEE;TTTTTTTTTT;YYYYYYYY;;;;UUUU;NNN;KKKKKKK;PPPP;COS-COG3-0A-EM-MA;;;;;;;;;;;CO;;;;;;;;;;;;;;;;;-12,00;12,88;;;;
COS-COG3-0A-FM-MA-BS;Fdr n.15 - Conexión MT;Z-RSS;S;;;;;;;;;;;;;;;;;IIII;11;18;;I;;EEEE;TTTTTTTTTT;YYYYYYYY;;;;UUUU;NNN;KKKKKKK;PPPP;COS-COG3-0A-FM-MA;;;;;;;;;;;CO;;;;;;;;;;;;;;;;;-12,00;12,88;;;;
COS-COG3-0A-GM-MA-BS;Fdr n.16 - Conexión MT;Z-RSS;S;;;;;;;;;;;;;;;;;IIII;11;18;;I;;EEEE;TTTTTTTTTT;YYYYYYYY;;;;UUUU;NNN;KKKKKKK;PPPP;COS-COG3-0A-GM-MA;;;;;;;;;;;CO;;;;;;;;;;;;;;;;;-12,00;12,88;;;;
COS-COG3-0A-HM-MA-BS;Fdr n.17 - Conexión MT;Z-RSS;S;;;;;;;;;;;;;;;;;IIII;11;18;;I;;EEEE;TTTTTTTTTT;YYYYYYYY;;;;UUUU;NNN;KKKKKKK;PPPP;COS-COG3-0A-HM-MA;;;;;;;;;;;CO;;;;;;;;;;;;;;;;;-12,00;12,88;;;;
COS-COG3-0A-1M-MA-ZR;Fdr n.01 - Reactor shunt;Z-RSS;S;;;;;;;;;;;;;;;;;IIII;11;18;;I;;EEEE;TTTTTTTTTT;YYYYYYYY;;;;UUUU;NNN;KKKKKKK;PPPP;COS-COG3-0A-1M-MA;;;;;;;;;;;CO;;;;;;;;;;;;;;;;;-12,00;12,88;;;;
COS-COG3-0A-2M-MA-ZR;Fdr n.02 - Reactor shunt;Z-RSS;S;;;;;;;;;;;;;;;;;IIII;11;18;;I;;EEEE;TTTTTTTTTT;YYYYYYYY;;;;UUUU;NNN;KKKKKKK;PPPP;COS-COG3-0A-2M-MA;;;;;;;;;;;CO;;;;;;;;;;;;;;;;;-12,00;12,88;;;;
COS-COG3-0A-3M-MA-ZR;Fdr n.03 - Reactor shunt;Z-RSS;S;;;;;;;;;;;;;;;;;IIII;11;18;;I;;EEEE;TTTTTTTTTT;YYYYYYYY;;;;UUUU;NNN;KKKKKKK;PPPP;COS-COG3-0A-3M-MA;;;;;;;;;;;CO;;;;;;;;;;;;;;;;;-12,00;12,88;;;;
COS-COG3-0A-4M-MA-ZR;Fdr n.04 - Reactor shunt;Z-RSS;S;;;;;;;;;;;;;;;;;IIII;11;18;;I;;EEEE;TTTTTTTTTT;YYYYYYYY;;;;UUUU;NNN;KKKKKKK;PPPP;COS-COG3-0A-4M-MA;;;;;;;;;;;CO;;;;;;;;;;;;;;;;;-12,00;12,88;;;;
COS-COG3-0A-5M-MA-ZR;Fdr n.05 - Reactor shunt;Z-RSS;S;;;;;;;;;;;;;;;;;IIII;11;18;;I;;EEEE;TTTTTTTTTT;YYYYYYYY;;;;UUUU;NNN;KKKKKKK;PPPP;COS-COG3-0A-5M-MA;;;;;;;;;;;CO;;;;;;;;;;;;;;;;;-12,00;12,88;;;;
COS-COG3-0A-6M-MA-ZR;Fdr n.06 - Reactor shunt;Z-RSS;S;;;;;;;;;;;;;;;;;IIII;11;18;;I;;EEEE;TTTTTTTTTT;YYYYYYYY;;;;UUUU;NNN;KKKKKKK;PPPP;COS-COG3-0A-6M-MA;;;;;;;;;;;CO;;;;;;;;;;;;;;;;;-12,00;12,88;;;;
COS-COG3-0A-7M-MA-ZR;Fdr n.07 - Reactor shunt;Z-RSS;S;;;;;;;;;;;;;;;;;IIII;11;18;;I;;EEEE;TTTTTTTTTT;YYYYYYYY;;;;UUUU;NNN;KKKKKKK;PPPP;COS-COG3-0A-7M-MA;;;;;;;;;;;CO;;;;;;;;;;;;;;;;;-12,00;12,88;;;;
COS-COG3-0A-8M-MA-ZR;Fdr n.08 - Reactor shunt;Z-RSS;S;;;;;;;;;;;;;;;;;IIII;11;18;;I;;EEEE;TTTTTTTTTT;YYYYYYYY;;;;UUUU;NNN;KKKKKKK;PPPP;COS-COG3-0A-8M-MA;;;;;;;;;;;CO;;;;;;;;;;;;;;;;;-12,00;12,88;;;;
COS-COG3-0A-9M-MA-ZR;Fdr n.09 - Reactor shunt;Z-RSS;S;;;;;;;;;;;;;;;;;IIII;11;18;;I;;EEEE;TTTTTTTTTT;YYYYYYYY;;;;UUUU;NNN;KKKKKKK;PPPP;COS-COG3-0A-9M-MA;;;;;;;;;;;CO;;;;;;;;;;;;;;;;;-12,00;12,88;;;;
COS-COG3-0A-AM-MA-ZR;Fdr n.10 - Reactor shunt;Z-RSS;S;;;;;;;;;;;;;;;;;IIII;11;18;;I;;EEEE;TTTTTTTTTT;YYYYYYYY;;;;UUUU;NNN;KKKKKKK;PPPP;COS-COG3-0A-AM-MA;;;;;;;;;;;CO;;;;;;;;;;;;;;;;;-12,00;12,88;;;;
COS-COG3-0A-BM-MA-ZR;Fdr n.11 - Reactor shunt;Z-RSS;S;;;;;;;;;;;;;;;;;IIII;11;18;;I;;EEEE;TTTTTTTTTT;YYYYYYYY;;;;UUUU;NNN;KKKKKKK;PPPP;COS-COG3-0A-BM-MA;;;;;;;;;;;CO;;;;;;;;;;;;;;;;;-12,00;12,88;;;;
COS-COG3-0A-CM-MA-ZR;Fdr n.12 - Reactor shunt;Z-RSS;S;;;;;;;;;;;;;;;;;IIII;11;18;;I;;EEEE;TTTTTTTTTT;YYYYYYYY;;;;UUUU;NNN;KKKKKKK;PPPP;COS-COG3-0A-CM-MA;;;;;;;;;;;CO;;;;;;;;;;;;;;;;;-12,00;12,88;;;;
COS-COG3-0A-DM-MA-ZR;Fdr n.13 - Reactor shunt;Z-RSS;S;;;;;;;;;;;;;;;;;IIII;11;18;;I;;EEEE;TTTTTTTTTT;YYYYYYYY;;;;UUUU;NNN;KKKKKKK;PPPP;COS-COG3-0A-DM-MA;;;;;;;;;;;CO;;;;;;;;;;;;;;;;;-12,00;12,88;;;;
COS-COG3-0A-EM-MA-ZR;Fdr n.14 - Reactor shunt;Z-RSS;S;;;;;;;;;;;;;;;;;IIII;11;18;;I;;EEEE;TTTTTTTTTT;YYYYYYYY;;;;UUUU;NNN;KKKKKKK;PPPP;COS-COG3-0A-EM-MA;;;;;;;;;;;CO;;;;;;;;;;;;;;;;;-12,00;12,88;;;;
COS-COG3-0A-FM-MA-ZR;Fdr n.15 - Reactor shunt;Z-RSS;S;;;;;;;;;;;;;;;;;IIII;11;18;;I;;EEEE;TTTTTTTTTT;YYYYYYYY;;;;UUUU;NNN;KKKKKKK;PPPP;COS-COG3-0A-FM-MA;;;;;;;;;;;CO;;;;;;;;;;;;;;;;;-12,00;12,88;;;;
COS-COG3-0A-GM-MA-ZR;Fdr n.16 - Reactor shunt;Z-RSS;S;;;;;;;;;;;;;;;;;IIII;11;18;;I;;EEEE;TTTTTTTTTT;YYYYYYYY;;;;UUUU;NNN;KKKKKKK;PPPP;COS-COG3-0A-GM-MA;;;;;;;;;;;CO;;;;;;;;;;;;;;;;;-12,00;12,88;;;;
COS-COG3-0A-HM-MA-ZR;Fdr n.17 - Reactor shunt;Z-RSS;S;;;;;;;;;;;;;;;;;IIII;11;18;;I;;EEEE;TTTTTTTTTT;YYYYYYYY;;;;UUUU;NNN;KKKKKKK;PPPP;COS-COG3-0A-HM-MA;;;;;;;;;;;CO;;;;;;;;;;;;;;;;;-12,00;12,88;;;;
COS-COG3-0A-1M-MA-ER;Fdr n.01 - Reactor de puesta a tierra;Z-RSS;S;;;;;;;;;;;;;;;;;IIII;11;18;;I;;EEEE;TTTTTTTTTT;YYYYYYYY;;;;UUUU;NNN;KKKKKKK;PPPP;COS-COG3-0A-1M-MA;;;;;;;;;;;CO;;;;;;;;;;;;;;;;;-12,00;12,88;;;;
COS-COG3-0A-2M-MA-ER;Fdr n.02 - Reactor de puesta a tierra;Z-RSS;S;;;;;;;;;;;;;;;;;IIII;11;18;;I;;EEEE;TTTTTTTTTT;YYYYYYYY;;;;UUUU;NNN;KKKKKKK;PPPP;COS-COG3-0A-2M-MA;;;;;;;;;;;CO;;;;;;;;;;;;;;;;;-12,00;12,88;;;;
COS-COG3-0A-3M-MA-ER;Fdr n.03 - Reactor de puesta a tierra;Z-RSS;S;;;;;;;;;;;;;;;;;IIII;11;18;;I;;EEEE;TTTTTTTTTT;YYYYYYYY;;;;UUUU;NNN;KKKKKKK;PPPP;COS-COG3-0A-3M-MA;;;;;;;;;;;CO;;;;;;;;;;;;;;;;;-12,00;12,88;;;;
COS-COG3-0A-4M-MA-ER;Fdr n.04 - Reactor de puesta a tierra;Z-RSS;S;;;;;;;;;;;;;;;;;IIII;11;18;;I;;EEEE;TTTTTTTTTT;YYYYYYYY;;;;UUUU;NNN;KKKKKKK;PPPP;COS-COG3-0A-4M-MA;;;;;;;;;;;CO;;;;;;;;;;;;;;;;;-12,00;12,88;;;;
COS-COG3-0A-5M-MA-ER;Fdr n.05 - Reactor de puesta a tierra;Z-RSS;S;;;;;;;;;;;;;;;;;IIII;11;18;;I;;EEEE;TTTTTTTTTT;YYYYYYYY;;;;UUUU;NNN;KKKKKKK;PPPP;COS-COG3-0A-5M-MA;;;;;;;;;;;CO;;;;;;;;;;;;;;;;;-12,00;12,88;;;;
COS-COG3-0A-6M-MA-ER;Fdr n.06 - Reactor de puesta a tierra;Z-RSS;S;;;;;;;;;;;;;;;;;IIII;11;18;;I;;EEEE;TTTTTTTTTT;YYYYYYYY;;;;UUUU;NNN;KKKKKKK;PPPP;COS-COG3-0A-6M-MA;;;;;;;;;;;CO;;;;;;;;;;;;;;;;;-12,00;12,88;;;;
COS-COG3-0A-7M-MA-ER;Fdr n.07 - Reactor de puesta a tierra;Z-RSS;S;;;;;;;;;;;;;;;;;IIII;11;18;;I;;EEEE;TTTTTTTTTT;YYYYYYYY;;;;UUUU;NNN;KKKKKKK;PPPP;COS-COG3-0A-7M-MA;;;;;;;;;;;CO;;;;;;;;;;;;;;;;;-12,00;12,88;;;;
COS-COG3-0A-8M-MA-ER;Fdr n.08 - Reactor de puesta a tierra;Z-RSS;S;;;;;;;;;;;;;;;;;IIII;11;18;;I;;EEEE;TTTTTTTTTT;YYYYYYYY;;;;UUUU;NNN;KKKKKKK;PPPP;COS-COG3-0A-8M-MA;;;;;;;;;;;CO;;;;;;;;;;;;;;;;;-12,00;12,88;;;;
COS-COG3-0A-9M-MA-ER;Fdr n.09 - Reactor de puesta a tierra;Z-RSS;S;;;;;;;;;;;;;;;;;IIII;11;18;;I;;EEEE;TTTTTTTTTT;YYYYYYYY;;;;UUUU;NNN;KKKKKKK;PPPP;COS-COG3-0A-9M-MA;;;;;;;;;;;CO;;;;;;;;;;;;;;;;;-12,00;12,88;;;;
COS-COG3-0A-AM-MA-ER;Fdr n.10 - Reactor de puesta a tierra;Z-RSS;S;;;;;;;;;;;;;;;;;IIII;11;18;;I;;EEEE;TTTTTTTTTT;YYYYYYYY;;;;UUUU;NNN;KKKKKKK;PPPP;COS-COG3-0A-AM-MA;;;;;;;;;;;CO;;;;;;;;;;;;;;;;;-12,00;12,88;;;;
COS-COG3-0A-BM-MA-ER;Fdr n.11 - Reactor de puesta a tierra;Z-RSS;S;;;;;;;;;;;;;;;;;IIII;11;18;;I;;EEEE;TTTTTTTTTT;YYYYYYYY;;;;UUUU;NNN;KKKKKKK;PPPP;COS-COG3-0A-BM-MA;;;;;;;;;;;CO;;;;;;;;;;;;;;;;;-12,00;12,88;;;;
COS-COG3-0A-CM-MA-ER;Fdr n.12 - Reactor de puesta a tierra;Z-RSS;S;;;;;;;;;;;;;;;;;IIII;11;18;;I;;EEEE;TTTTTTTTTT;YYYYYYYY;;;;UUUU;NNN;KKKKKKK;PPPP;COS-COG3-0A-CM-MA;;;;;;;;;;;CO;;;;;;;;;;;;;;;;;-12,00;12,88;;;;
COS-COG3-0A-DM-MA-ER;Fdr n.13 - Reactor de puesta a tierra;Z-RSS;S;;;;;;;;;;;;;;;;;IIII;11;18;;I;;EEEE;TTTTTTTTTT;YYYYYYYY;;;;UUUU;NNN;KKKKKKK;PPPP;COS-COG3-0A-DM-MA;;;;;;;;;;;CO;;;;;;;;;;;;;;;;;-12,00;12,88;;;;
COS-COG3-0A-EM-MA-ER;Fdr n.14 - Reactor de puesta a tierra;Z-RSS;S;;;;;;;;;;;;;;;;;IIII;11;18;;I;;EEEE;TTTTTTTTTT;YYYYYYYY;;;;UUUU;NNN;KKKKKKK;PPPP;COS-COG3-0A-EM-MA;;;;;;;;;;;CO;;;;;;;;;;;;;;;;;-12,00;12,88;;;;
COS-COG3-0A-FM-MA-ER;Fdr n.15 - Reactor de puesta a tierra;Z-RSS;S;;;;;;;;;;;;;;;;;IIII;11;18;;I;;EEEE;TTTTTTTTTT;YYYYYYYY;;;;UUUU;NNN;KKKKKKK;PPPP;COS-COG3-0A-FM-MA;;;;;;;;;;;CO;;;;;;;;;;;;;;;;;-12,00;12,88;;;;
COS-COG3-0A-GM-MA-ER;Fdr n.16 - Reactor de puesta a tierra;Z-RSS;S;;;;;;;;;;;;;;;;;IIII;11;18;;I;;EEEE;TTTTTTTTTT;YYYYYYYY;;;;UUUU;NNN;KKKKKKK;PPPP;COS-COG3-0A-GM-MA;;;;;;;;;;;CO;;;;;;;;;;;;;;;;;-12,00;12,88;;;;
COS-COG3-0A-HM-MA-ER;Fdr n.17 - Reactor de puesta a tierra;Z-RSS;S;;;;;;;;;;;;;;;;;IIII;11;18;;I;;EEEE;TTTTTTTTTT;YYYYYYYY;;;;UUUU;NNN;KKKKKKK;PPPP;COS-COG3-0A-HM-MA;;;;;;;;;;;CO;;;;;;;;;;;;;;;;;-12,00;12,88;;;;
COS-COG3-0A-1M-OC;Fdr n.01 - Obra civil;Z-RSS;S;;;;;;;;;;;;;;;;;IIII;11;18;;I;;EEEE;TTTTTTTTTT;YYYYYYYY;;;;UUUU;NNN;KKKKKKK;PPPP;COS-COG3-0A-1M;;;;;;;;;;;CO;;;;;;;;;;;;;;;;;-12,00;12,88;;;;
COS-COG3-0A-2M-OC;Fdr n.02 - Obra civil;Z-RSS;S;;;;;;;;;;;;;;;;;IIII;11;18;;I;;EEEE;TTTTTTTTTT;YYYYYYYY;;;;UUUU;NNN;KKKKKKK;PPPP;COS-COG3-0A-2M;;;;;;;;;;;CO;;;;;;;;;;;;;;;;;-12,00;12,88;;;;
COS-COG3-0A-3M-OC;Fdr n.03 - Obra civil;Z-RSS;S;;;;;;;;;;;;;;;;;IIII;11;18;;I;;EEEE;TTTTTTTTTT;YYYYYYYY;;;;UUUU;NNN;KKKKKKK;PPPP;COS-COG3-0A-3M;;;;;;;;;;;CO;;;;;;;;;;;;;;;;;-12,00;12,88;;;;
COS-COG3-0A-4M-OC;Fdr n.04 - Obra civil;Z-RSS;S;;;;;;;;;;;;;;;;;IIII;11;18;;I;;EEEE;TTTTTTTTTT;YYYYYYYY;;;;UUUU;NNN;KKKKKKK;PPPP;COS-COG3-0A-4M;;;;;;;;;;;CO;;;;;;;;;;;;;;;;;-12,00;12,88;;;;
COS-COG3-0A-5M-OC;Fdr n.05 - Obra civil;Z-RSS;S;;;;;;;;;;;;;;;;;IIII;11;18;;I;;EEEE;TTTTTTTTTT;YYYYYYYY;;;;UUUU;NNN;KKKKKKK;PPPP;COS-COG3-0A-5M;;;;;;;;;;;CO;;;;;;;;;;;;;;;;;-12,00;12,88;;;;
COS-COG3-0A-6M-OC;Fdr n.06 - Obra civil;Z-RSS;S;;;;;;;;;;;;;;;;;IIII;11;18;;I;;EEEE;TTTTTTTTTT;YYYYYYYY;;;;UUUU;NNN;KKKKKKK;PPPP;COS-COG3-0A-6M;;;;;;;;;;;CO;;;;;;;;;;;;;;;;;-12,00;12,88;;;;
COS-COG3-0A-7M-OC;Fdr n.07 - Obra civil;Z-RSS;S;;;;;;;;;;;;;;;;;IIII;11;18;;I;;EEEE;TTTTTTTTTT;YYYYYYYY;;;;UUUU;NNN;KKKKKKK;PPPP;COS-COG3-0A-7M;;;;;;;;;;;CO;;;;;;;;;;;;;;;;;-12,00;12,88;;;;
COS-COG3-0A-8M-OC;Fdr n.08 - Obra civil;Z-RSS;S;;;;;;;;;;;;;;;;;IIII;11;18;;I;;EEEE;TTTTTTTTTT;YYYYYYYY;;;;UUUU;NNN;KKKKKKK;PPPP;COS-COG3-0A-8M;;;;;;;;;;;CO;;;;;;;;;;;;;;;;;-12,00;12,88;;;;
COS-COG3-0A-9M-OC;Fdr n.09 - Obra civil;Z-RSS;S;;;;;;;;;;;;;;;;;IIII;11;18;;I;;EEEE;TTTTTTTTTT;YYYYYYYY;;;;UUUU;NNN;KKKKKKK;PPPP;COS-COG3-0A-9M;;;;;;;;;;;CO;;;;;;;;;;;;;;;;;-12,00;12,88;;;;
COS-COG3-0A-AM-OC;Fdr n.10 - Obra civil;Z-RSS;S;;;;;;;;;;;;;;;;;IIII;11;18;;I;;EEEE;TTTTTTTTTT;YYYYYYYY;;;;UUUU;NNN;KKKKKKK;PPPP;COS-COG3-0A-AM;;;;;;;;;;;CO;;;;;;;;;;;;;;;;;-12,00;12,88;;;;
COS-COG3-0A-BM-OC;Fdr n.11 - Obra civil;Z-RSS;S;;;;;;;;;;;;;;;;;IIII;11;18;;I;;EEEE;TTTTTTTTTT;YYYYYYYY;;;;UUUU;NNN;KKKKKKK;PPPP;COS-COG3-0A-BM;;;;;;;;;;;CO;;;;;;;;;;;;;;;;;-12,00;12,88;;;;
COS-COG3-0A-CM-OC;Fdr n.12 - Obra civil;Z-RSS;S;;;;;;;;;;;;;;;;;IIII;11;18;;I;;EEEE;TTTTTTTTTT;YYYYYYYY;;;;UUUU;NNN;KKKKKKK;PPPP;COS-COG3-0A-CM;;;;;;;;;;;CO;;;;;;;;;;;;;;;;;-12,00;12,88;;;;
COS-COG3-0A-DM-OC;Fdr n.13 - Obra civil;Z-RSS;S;;;;;;;;;;;;;;;;;IIII;11;18;;I;;EEEE;TTTTTTTTTT;YYYYYYYY;;;;UUUU;NNN;KKKKKKK;PPPP;COS-COG3-0A-DM;;;;;;;;;;;CO;;;;;;;;;;;;;;;;;-12,00;12,88;;;;
COS-COG3-0A-EM-OC;Fdr n.14 - Obra civil;Z-RSS;S;;;;;;;;;;;;;;;;;IIII;11;18;;I;;EEEE;TTTTTTTTTT;YYYYYYYY;;;;UUUU;NNN;KKKKKKK;PPPP;COS-COG3-0A-EM;;;;;;;;;;;CO;;;;;;;;;;;;;;;;;-12,00;12,88;;;;
COS-COG3-0A-FM-OC;Fdr n.15 - Obra civil;Z-RSS;S;;;;;;;;;;;;;;;;;IIII;11;18;;I;;EEEE;TTTTTTTTTT;YYYYYYYY;;;;UUUU;NNN;KKKKKKK;PPPP;COS-COG3-0A-FM;;;;;;;;;;;CO;;;;;;;;;;;;;;;;;-12,00;12,88;;;;
COS-COG3-0A-GM-OC;Fdr n.16 - Obra civil;Z-RSS;S;;;;;;;;;;;;;;;;;IIII;11;18;;I;;EEEE;TTTTTTTTTT;YYYYYYYY;;;;UUUU;NNN;KKKKKKK;PPPP;COS-COG3-0A-GM;;;;;;;;;;;CO;;;;;;;;;;;;;;;;;-12,00;12,88;;;;
COS-COG3-0A-HM-OC;Fdr n.17 - Obra civil;Z-RSS;S;;;;;;;;;;;;;;;;;IIII;11;18;;I;;EEEE;TTTTTTTTTT;YYYYYYYY;;;;UUUU;NNN;KKKKKKK;PPPP;COS-COG3-0A-HM;;;;;;;;;;;CO;;;;;;;;;;;;;;;;;-12,00;12,88;;;;
COS-COG3-0A-1M-OL;Fdr n.01 - Líneas eléctricas aéreas;Z-RSS;S;;;;;;;;;;;;;;;;;IIII;11;18;;I;;EEEE;TTTTTTTTTT;YYYYYYYY;;;;UUUU;NNN;KKKKKKK;PPPP;COS-COG3-0A-1M;;;;;;;;;;;CO;;;;;;;;;;;;;;;;;-12,00;12,88;;;;
COS-COG3-0A-2M-OL;Fdr n.02 - Líneas eléctricas aéreas;Z-RSS;S;;;;;;;;;;;;;;;;;IIII;11;18;;I;;EEEE;TTTTTTTTTT;YYYYYYYY;;;;UUUU;NNN;KKKKKKK;PPPP;COS-COG3-0A-2M;;;;;;;;;;;CO;;;;;;;;;;;;;;;;;-12,00;12,88;;;;
COS-COG3-0A-3M-OL;Fdr n.03 - Líneas eléctricas aéreas;Z-RSS;S;;;;;;;;;;;;;;;;;IIII;11;18;;I;;EEEE;TTTTTTTTTT;YYYYYYYY;;;;UUUU;NNN;KKKKKKK;PPPP;COS-COG3-0A-3M;;;;;;;;;;;CO;;;;;;;;;;;;;;;;;-12,00;12,88;;;;
COS-COG3-0A-4M-OL;Fdr n.04 - Líneas eléctricas aéreas;Z-RSS;S;;;;;;;;;;;;;;;;;IIII;11;18;;I;;EEEE;TTTTTTTTTT;YYYYYYYY;;;;UUUU;NNN;KKKKKKK;PPPP;COS-COG3-0A-4M;;;;;;;;;;;CO;;;;;;;;;;;;;;;;;-12,00;12,88;;;;
COS-COG3-0A-5M-OL;Fdr n.05 - Líneas eléctricas aéreas;Z-RSS;S;;;;;;;;;;;;;;;;;IIII;11;18;;I;;EEEE;TTTTTTTTTT;YYYYYYYY;;;;UUUU;NNN;KKKKKKK;PPPP;COS-COG3-0A-5M;;;;;;;;;;;CO;;;;;;;;;;;;;;;;;-12,00;12,88;;;;
COS-COG3-0A-6M-OL;Fdr n.06 - Líneas eléctricas aéreas;Z-RSS;S;;;;;;;;;;;;;;;;;IIII;11;18;;I;;EEEE;TTTTTTTTTT;YYYYYYYY;;;;UUUU;NNN;KKKKKKK;PPPP;COS-COG3-0A-6M;;;;;;;;;;;CO;;;;;;;;;;;;;;;;;-12,00;12,88;;;;
COS-COG3-0A-7M-OL;Fdr n.07 - Líneas eléctricas aéreas;Z-RSS;S;;;;;;;;;;;;;;;;;IIII;11;18;;I;;EEEE;TTTTTTTTTT;YYYYYYYY;;;;UUUU;NNN;KKKKKKK;PPPP;COS-COG3-0A-7M;;;;;;;;;;;CO;;;;;;;;;;;;;;;;;-12,00;12,88;;;;
COS-COG3-0A-8M-OL;Fdr n.08 - Líneas eléctricas aéreas;Z-RSS;S;;;;;;;;;;;;;;;;;IIII;11;18;;I;;EEEE;TTTTTTTTTT;YYYYYYYY;;;;UUUU;NNN;KKKKKKK;PPPP;COS-COG3-0A-8M;;;;;;;;;;;CO;;;;;;;;;;;;;;;;;-12,00;12,88;;;;
COS-COG3-0A-9M-OL;Fdr n.09 - Líneas eléctricas aéreas;Z-RSS;S;;;;;;;;;;;;;;;;;IIII;11;18;;I;;EEEE;TTTTTTTTTT;YYYYYYYY;;;;UUUU;NNN;KKKKKKK;PPPP;COS-COG3-0A-9M;;;;;;;;;;;CO;;;;;;;;;;;;;;;;;-12,00;12,88;;;;
COS-COG3-0A-AM-OL;Fdr n.10 - Líneas eléctricas aéreas;Z-RSS;S;;;;;;;;;;;;;;;;;IIII;11;18;;I;;EEEE;TTTTTTTTTT;YYYYYYYY;;;;UUUU;NNN;KKKKKKK;PPPP;COS-COG3-0A-AM;;;;;;;;;;;CO;;;;;;;;;;;;;;;;;-12,00;12,88;;;;
COS-COG3-0A-BM-OL;Fdr n.11 - Líneas eléctricas aéreas;Z-RSS;S;;;;;;;;;;;;;;;;;IIII;11;18;;I;;EEEE;TTTTTTTTTT;YYYYYYYY;;;;UUUU;NNN;KKKKKKK;PPPP;COS-COG3-0A-BM;;;;;;;;;;;CO;;;;;;;;;;;;;;;;;-12,00;12,88;;;;
COS-COG3-0A-CM-OL;Fdr n.12 - Líneas eléctricas aéreas;Z-RSS;S;;;;;;;;;;;;;;;;;IIII;11;18;;I;;EEEE;TTTTTTTTTT;YYYYYYYY;;;;UUUU;NNN;KKKKKKK;PPPP;COS-COG3-0A-CM;;;;;;;;;;;CO;;;;;;;;;;;;;;;;;-12,00;12,88;;;;
COS-COG3-0A-DM-OL;Fdr n.13 - Líneas eléctricas aéreas;Z-RSS;S;;;;;;;;;;;;;;;;;IIII;11;18;;I;;EEEE;TTTTTTTTTT;YYYYYYYY;;;;UUUU;NNN;KKKKKKK;PPPP;COS-COG3-0A-DM;;;;;;;;;;;CO;;;;;;;;;;;;;;;;;-12,00;12,88;;;;
COS-COG3-0A-EM-OL;Fdr n.14 - Líneas eléctricas aéreas;Z-RSS;S;;;;;;;;;;;;;;;;;IIII;11;18;;I;;EEEE;TTTTTTTTTT;YYYYYYYY;;;;UUUU;NNN;KKKKKKK;PPPP;COS-COG3-0A-EM;;;;;;;;;;;CO;;;;;;;;;;;;;;;;;-12,00;12,88;;;;
COS-COG3-0A-FM-OL;Fdr n.15 - Líneas eléctricas aéreas;Z-RSS;S;;;;;;;;;;;;;;;;;IIII;11;18;;I;;EEEE;TTTTTTTTTT;YYYYYYYY;;;;UUUU;NNN;KKKKKKK;PPPP;COS-COG3-0A-FM;;;;;;;;;;;CO;;;;;;;;;;;;;;;;;-12,00;12,88;;;;
COS-COG3-0A-GM-OL;Fdr n.16 - Líneas eléctricas aéreas;Z-RSS;S;;;;;;;;;;;;;;;;;IIII;11;18;;I;;EEEE;TTTTTTTTTT;YYYYYYYY;;;;UUUU;NNN;KKKKKKK;PPPP;COS-COG3-0A-GM;;;;;;;;;;;CO;;;;;;;;;;;;;;;;;-12,00;12,88;;;;
COS-COG3-0A-HM-OL;Fdr n.17 - Líneas eléctricas aéreas;Z-RSS;S;;;;;;;;;;;;;;;;;IIII;11;18;;I;;EEEE;TTTTTTTTTT;YYYYYYYY;;;;UUUU;NNN;KKKKKKK;PPPP;COS-COG3-0A-HM;;;;;;;;;;;CO;;;;;;;;;;;;;;;;;-12,00;12,88;;;;
COS-COG3-0A-1M-UL;Fdr n.01 - Líneas eléctricas subterr.;Z-RSS;S;;;;;;;;;;;;;;;;;IIII;11;18;;I;;EEEE;TTTTTTTTTT;YYYYYYYY;;;;UUUU;NNN;KKKKKKK;PPPP;COS-COG3-0A-1M;;;;;;;;;;;CO;;;;;;;;;;;;;;;;;-12,00;12,88;;;;
COS-COG3-0A-2M-UL;Fdr n.02 - Líneas eléctricas subterr.;Z-RSS;S;;;;;;;;;;;;;;;;;IIII;11;18;;I;;EEEE;TTTTTTTTTT;YYYYYYYY;;;;UUUU;NNN;KKKKKKK;PPPP;COS-COG3-0A-2M;;;;;;;;;;;CO;;;;;;;;;;;;;;;;;-12,00;12,88;;;;
COS-COG3-0A-3M-UL;Fdr n.03 - Líneas eléctricas subterr.;Z-RSS;S;;;;;;;;;;;;;;;;;IIII;11;18;;I;;EEEE;TTTTTTTTTT;YYYYYYYY;;;;UUUU;NNN;KKKKKKK;PPPP;COS-COG3-0A-3M;;;;;;;;;;;CO;;;;;;;;;;;;;;;;;-12,00;12,88;;;;
COS-COG3-0A-4M-UL;Fdr n.04 - Líneas eléctricas subterr.;Z-RSS;S;;;;;;;;;;;;;;;;;IIII;11;18;;I;;EEEE;TTTTTTTTTT;YYYYYYYY;;;;UUUU;NNN;KKKKKKK;PPPP;COS-COG3-0A-4M;;;;;;;;;;;CO;;;;;;;;;;;;;;;;;-12,00;12,88;;;;
COS-COG3-0A-5M-UL;Fdr n.05 - Líneas eléctricas subterr.;Z-RSS;S;;;;;;;;;;;;;;;;;IIII;11;18;;I;;EEEE;TTTTTTTTTT;YYYYYYYY;;;;UUUU;NNN;KKKKKKK;PPPP;COS-COG3-0A-5M;;;;;;;;;;;CO;;;;;;;;;;;;;;;;;-12,00;12,88;;;;
COS-COG3-0A-6M-UL;Fdr n.06 - Líneas eléctricas subterr.;Z-RSS;S;;;;;;;;;;;;;;;;;IIII;11;18;;I;;EEEE;TTTTTTTTTT;YYYYYYYY;;;;UUUU;NNN;KKKKKKK;PPPP;COS-COG3-0A-6M;;;;;;;;;;;CO;;;;;;;;;;;;;;;;;-12,00;12,88;;;;
COS-COG3-0A-7M-UL;Fdr n.07 - Líneas eléctricas subterr.;Z-RSS;S;;;;;;;;;;;;;;;;;IIII;11;18;;I;;EEEE;TTTTTTTTTT;YYYYYYYY;;;;UUUU;NNN;KKKKKKK;PPPP;COS-COG3-0A-7M;;;;;;;;;;;CO;;;;;;;;;;;;;;;;;-12,00;12,88;;;;
COS-COG3-0A-8M-UL;Fdr n.08 - Líneas eléctricas subterr.;Z-RSS;S;;;;;;;;;;;;;;;;;IIII;11;18;;I;;EEEE;TTTTTTTTTT;YYYYYYYY;;;;UUUU;NNN;KKKKKKK;PPPP;COS-COG3-0A-8M;;;;;;;;;;;CO;;;;;;;;;;;;;;;;;-12,00;12,88;;;;
COS-COG3-0A-9M-UL;Fdr n.09 - Líneas eléctricas subterr.;Z-RSS;S;;;;;;;;;;;;;;;;;IIII;11;18;;I;;EEEE;TTTTTTTTTT;YYYYYYYY;;;;UUUU;NNN;KKKKKKK;PPPP;COS-COG3-0A-9M;;;;;;;;;;;CO;;;;;;;;;;;;;;;;;-12,00;12,88;;;;
COS-COG3-0A-AM-UL;Fdr n.10 - Líneas eléctricas subterr.;Z-RSS;S;;;;;;;;;;;;;;;;;IIII;11;18;;I;;EEEE;TTTTTTTTTT;YYYYYYYY;;;;UUUU;NNN;KKKKKKK;PPPP;COS-COG3-0A-AM;;;;;;;;;;;CO;;;;;;;;;;;;;;;;;-12,00;12,88;;;;
COS-COG3-0A-BM-UL;Fdr n.11 - Líneas eléctricas subterr.;Z-RSS;S;;;;;;;;;;;;;;;;;IIII;11;18;;I;;EEEE;TTTTTTTTTT;YYYYYYYY;;;;UUUU;NNN;KKKKKKK;PPPP;COS-COG3-0A-BM;;;;;;;;;;;CO;;;;;;;;;;;;;;;;;-12,00;12,88;;;;
COS-COG3-0A-CM-UL;Fdr n.12 - Líneas eléctricas subterr.;Z-RSS;S;;;;;;;;;;;;;;;;;IIII;11;18;;I;;EEEE;TTTTTTTTTT;YYYYYYYY;;;;UUUU;NNN;KKKKKKK;PPPP;COS-COG3-0A-CM;;;;;;;;;;;CO;;;;;;;;;;;;;;;;;-12,00;12,88;;;;
COS-COG3-0A-DM-UL;Fdr n.13 - Líneas eléctricas subterr.;Z-RSS;S;;;;;;;;;;;;;;;;;IIII;11;18;;I;;EEEE;TTTTTTTTTT;YYYYYYYY;;;;UUUU;NNN;KKKKKKK;PPPP;COS-COG3-0A-DM;;;;;;;;;;;CO;;;;;;;;;;;;;;;;;-12,00;12,88;;;;
COS-COG3-0A-EM-UL;Fdr n.14 - Líneas eléctricas subterr.;Z-RSS;S;;;;;;;;;;;;;;;;;IIII;11;18;;I;;EEEE;TTTTTTTTTT;YYYYYYYY;;;;UUUU;NNN;KKKKKKK;PPPP;COS-COG3-0A-EM;;;;;;;;;;;CO;;;;;;;;;;;;;;;;;-12,00;12,88;;;;
COS-COG3-0A-FM-UL;Fdr n.15 - Líneas eléctricas subterr.;Z-RSS;S;;;;;;;;;;;;;;;;;IIII;11;18;;I;;EEEE;TTTTTTTTTT;YYYYYYYY;;;;UUUU;NNN;KKKKKKK;PPPP;COS-COG3-0A-FM;;;;;;;;;;;CO;;;;;;;;;;;;;;;;;-12,00;12,88;;;;
COS-COG3-0A-GM-UL;Fdr n.16 - Líneas eléctricas subterr.;Z-RSS;S;;;;;;;;;;;;;;;;;IIII;11;18;;I;;EEEE;TTTTTTTTTT;YYYYYYYY;;;;UUUU;NNN;KKKKKKK;PPPP;COS-COG3-0A-GM;;;;;;;;;;;CO;;;;;;;;;;;;;;;;;-12,00;12,88;;;;
COS-COG3-0A-HM-UL;Fdr n.17 - Líneas eléctricas subterr.;Z-RSS;S;;;;;;;;;;;;;;;;;IIII;11;18;;I;;EEEE;TTTTTTTTTT;YYYYYYYY;;;;UUUU;NNN;KKKKKKK;PPPP;COS-COG3-0A-HM;;;;;;;;;;;CO;;;;;;;;;;;;;;;;;-12,00;12,88;;;;
COS-COG3-0A-1M-MA-I1;Fdr n.01 - Interruptor automático MT;Z-RSS;S;;;;;;;;;;;;;;;;;IIII;11;18;;I;;EEEE;TTTTTTTTTT;YYYYYYYY;;;;UUUU;NNN;KKKKKKK;PPPP;COS-COG3-0A-1M-MA;;;;;;;;;;;CO;;;;;;;;;;;;;;;;;-12,00;12,88;;;;
COS-COG3-0A-2M-MA-I1;Fdr n.02 - Interruptor automático MT;Z-RSS;S;;;;;;;;;;;;;;;;;IIII;11;18;;I;;EEEE;TTTTTTTTTT;YYYYYYYY;;;;UUUU;NNN;KKKKKKK;PPPP;COS-COG3-0A-2M-MA;;;;;;;;;;;CO;;;;;;;;;;;;;;;;;-12,00;12,88;;;;
COS-COG3-0A-3M-MA-I1;Fdr n.03 - Interruptor automático MT;Z-RSS;S;;;;;;;;;;;;;;;;;IIII;11;18;;I;;EEEE;TTTTTTTTTT;YYYYYYYY;;;;UUUU;NNN;KKKKKKK;PPPP;COS-COG3-0A-3M-MA;;;;;;;;;;;CO;;;;;;;;;;;;;;;;;-12,00;12,88;;;;
COS-COG3-0A-4M-MA-I1;Fdr n.04 - Interruptor automático MT;Z-RSS;S;;;;;;;;;;;;;;;;;IIII;11;18;;I;;EEEE;TTTTTTTTTT;YYYYYYYY;;;;UUUU;NNN;KKKKKKK;PPPP;COS-COG3-0A-4M-MA;;;;;;;;;;;CO;;;;;;;;;;;;;;;;;-12,00;12,88;;;;
COS-COG3-0A-5M-MA-I1;Fdr n.05 - Interruptor automático MT;Z-RSS;S;;;;;;;;;;;;;;;;;IIII;11;18;;I;;EEEE;TTTTTTTTTT;YYYYYYYY;;;;UUUU;NNN;KKKKKKK;PPPP;COS-COG3-0A-5M-MA;;;;;;;;;;;CO;;;;;;;;;;;;;;;;;-12,00;12,88;;;;
COS-COG3-0A-6M-MA-I1;Fdr n.06 - Interruptor automático MT;Z-RSS;S;;;;;;;;;;;;;;;;;IIII;11;18;;I;;EEEE;TTTTTTTTTT;YYYYYYYY;;;;UUUU;NNN;KKKKKKK;PPPP;COS-COG3-0A-6M-MA;;;;;;;;;;;CO;;;;;;;;;;;;;;;;;-12,00;12,88;;;;
COS-COG3-0A-7M-MA-I1;Fdr n.07 - Interruptor automático MT;Z-RSS;S;;;;;;;;;;;;;;;;;IIII;11;18;;I;;EEEE;TTTTTTTTTT;YYYYYYYY;;;;UUUU;NNN;KKKKKKK;PPPP;COS-COG3-0A-7M-MA;;;;;;;;;;;CO;;;;;;;;;;;;;;;;;-12,00;12,88;;;;
COS-COG3-0A-8M-MA-I1;Fdr n.08 - Interruptor automático MT;Z-RSS;S;;;;;;;;;;;;;;;;;IIII;11;18;;I;;EEEE;TTTTTTTTTT;YYYYYYYY;;;;UUUU;NNN;KKKKKKK;PPPP;COS-COG3-0A-8M-MA;;;;;;;;;;;CO;;;;;;;;;;;;;;;;;-12,00;12,88;;;;
COS-COG3-0A-9M-MA-I1;Fdr n.09 - Interruptor automático MT;Z-RSS;S;;;;;;;;;;;;;;;;;IIII;11;18;;I;;EEEE;TTTTTTTTTT;YYYYYYYY;;;;UUUU;NNN;KKKKKKK;PPPP;COS-COG3-0A-9M-MA;;;;;;;;;;;CO;;;;;;;;;;;;;;;;;-12,00;12,88;;;;
COS-COG3-0A-AM-MA-I1;Fdr n.10 - Interruptor automático MT;Z-RSS;S;;;;;;;;;;;;;;;;;IIII;11;18;;I;;EEEE;TTTTTTTTTT;YYYYYYYY;;;;UUUU;NNN;KKKKKKK;PPPP;COS-COG3-0A-AM-MA;;;;;;;;;;;CO;;;;;;;;;;;;;;;;;-12,00;12,88;;;;
COS-COG3-0A-BM-MA-I1;Fdr n.11 - Interruptor automático MT;Z-RSS;S;;;;;;;;;;;;;;;;;IIII;11;18;;I;;EEEE;TTTTTTTTTT;YYYYYYYY;;;;UUUU;NNN;KKKKKKK;PPPP;COS-COG3-0A-BM-MA;;;;;;;;;;;CO;;;;;;;;;;;;;;;;;-12,00;12,88;;;;
COS-COG3-0A-CM-MA-I1;Fdr n.12 - Interruptor automático MT;Z-RSS;S;;;;;;;;;;;;;;;;;IIII;11;18;;I;;EEEE;TTTTTTTTTT;YYYYYYYY;;;;UUUU;NNN;KKKKKKK;PPPP;COS-COG3-0A-CM-MA;;;;;;;;;;;CO;;;;;;;;;;;;;;;;;-12,00;12,88;;;;
COS-COG3-0A-DM-MA-I1;Fdr n.13 - Interruptor automático MT;Z-RSS;S;;;;;;;;;;;;;;;;;IIII;11;18;;I;;EEEE;TTTTTTTTTT;YYYYYYYY;;;;UUUU;NNN;KKKKKKK;PPPP;COS-COG3-0A-DM-MA;;;;;;;;;;;CO;;;;;;;;;;;;;;;;;-12,00;12,88;;;;
COS-COG3-0A-EM-MA-I1;Fdr n.14 - Interruptor automático MT;Z-RSS;S;;;;;;;;;;;;;;;;;IIII;11;18;;I;;EEEE;TTTTTTTTTT;YYYYYYYY;;;;UUUU;NNN;KKKKKKK;PPPP;COS-COG3-0A-EM-MA;;;;;;;;;;;CO;;;;;;;;;;;;;;;;;-12,00;12,88;;;;
COS-COG3-0A-FM-MA-I1;Fdr n.15 - Interruptor automático MT;Z-RSS;S;;;;;;;;;;;;;;;;;IIII;11;18;;I;;EEEE;TTTTTTTTTT;YYYYYYYY;;;;UUUU;NNN;KKKKKKK;PPPP;COS-COG3-0A-FM-MA;;;;;;;;;;;CO;;;;;;;;;;;;;;;;;-12,00;12,88;;;;
COS-COG3-0A-GM-MA-I1;Fdr n.16 - Interruptor automático MT;Z-RSS;S;;;;;;;;;;;;;;;;;IIII;11;18;;I;;EEEE;TTTTTTTTTT;YYYYYYYY;;;;UUUU;NNN;KKKKKKK;PPPP;COS-COG3-0A-GM-MA;;;;;;;;;;;CO;;;;;;;;;;;;;;;;;-12,00;12,88;;;;
COS-COG3-0A-HM-MA-I1;Fdr n.17 - Interruptor automático MT;Z-RSS;S;;;;;;;;;;;;;;;;;IIII;11;18;;I;;EEEE;TTTTTTTTTT;YYYYYYYY;;;;UUUU;NNN;KKKKKKK;PPPP;COS-COG3-0A-HM-MA;;;;;;;;;;;CO;;;;;;;;;;;;;;;;;-12,00;12,88;;;;
COS-COG3-0A-1M-MA-D1;Fdr n.01 - Seccionador MT;Z-RSS;S;;;;;;;;;;;;;;;;;IIII;11;18;;I;;EEEE;TTTTTTTTTT;YYYYYYYY;;;;UUUU;NNN;KKKKKKK;PPPP;COS-COG3-0A-1M-MA;;;;;;;;;;;CO;;;;;;;;;;;;;;;;;-12,00;12,88;;;;
COS-COG3-0A-2M-MA-D1;Fdr n.02 - Seccionador MT;Z-RSS;S;;;;;;;;;;;;;;;;;IIII;11;18;;I;;EEEE;TTTTTTTTTT;YYYYYYYY;;;;UUUU;NNN;KKKKKKK;PPPP;COS-COG3-0A-2M-MA;;;;;;;;;;;CO;;;;;;;;;;;;;;;;;-12,00;12,88;;;;
COS-COG3-0A-3M-MA-D1;Fdr n.03 - Seccionador MT;Z-RSS;S;;;;;;;;;;;;;;;;;IIII;11;18;;I;;EEEE;TTTTTTTTTT;YYYYYYYY;;;;UUUU;NNN;KKKKKKK;PPPP;COS-COG3-0A-3M-MA;;;;;;;;;;;CO;;;;;;;;;;;;;;;;;-12,00;12,88;;;;
COS-COG3-0A-4M-MA-D1;Fdr n.04 - Seccionador MT;Z-RSS;S;;;;;;;;;;;;;;;;;IIII;11;18;;I;;EEEE;TTTTTTTTTT;YYYYYYYY;;;;UUUU;NNN;KKKKKKK;PPPP;COS-COG3-0A-4M-MA;;;;;;;;;;;CO;;;;;;;;;;;;;;;;;-12,00;12,88;;;;
COS-COG3-0A-5M-MA-D1;Fdr n.05 - Seccionador MT;Z-RSS;S;;;;;;;;;;;;;;;;;IIII;11;18;;I;;EEEE;TTTTTTTTTT;YYYYYYYY;;;;UUUU;NNN;KKKKKKK;PPPP;COS-COG3-0A-5M-MA;;;;;;;;;;;CO;;;;;;;;;;;;;;;;;-12,00;12,88;;;;
COS-COG3-0A-6M-MA-D1;Fdr n.06 - Seccionador MT;Z-RSS;S;;;;;;;;;;;;;;;;;IIII;11;18;;I;;EEEE;TTTTTTTTTT;YYYYYYYY;;;;UUUU;NNN;KKKKKKK;PPPP;COS-COG3-0A-6M-MA;;;;;;;;;;;CO;;;;;;;;;;;;;;;;;-12,00;12,88;;;;
COS-COG3-0A-7M-MA-D1;Fdr n.07 - Seccionador MT;Z-RSS;S;;;;;;;;;;;;;;;;;IIII;11;18;;I;;EEEE;TTTTTTTTTT;YYYYYYYY;;;;UUUU;NNN;KKKKKKK;PPPP;COS-COG3-0A-7M-MA;;;;;;;;;;;CO;;;;;;;;;;;;;;;;;-12,00;12,88;;;;
COS-COG3-0A-8M-MA-D1;Fdr n.08 - Seccionador MT;Z-RSS;S;;;;;;;;;;;;;;;;;IIII;11;18;;I;;EEEE;TTTTTTTTTT;YYYYYYYY;;;;UUUU;NNN;KKKKKKK;PPPP;COS-COG3-0A-8M-MA;;;;;;;;;;;CO;;;;;;;;;;;;;;;;;-12,00;12,88;;;;
COS-COG3-0A-9M-MA-D1;Fdr n.09 - Seccionador MT;Z-RSS;S;;;;;;;;;;;;;;;;;IIII;11;18;;I;;EEEE;TTTTTTTTTT;YYYYYYYY;;;;UUUU;NNN;KKKKKKK;PPPP;COS-COG3-0A-9M-MA;;;;;;;;;;;CO;;;;;;;;;;;;;;;;;-12,00;12,88;;;;
COS-COG3-0A-AM-MA-D1;Fdr n.10 - Seccionador MT;Z-RSS;S;;;;;;;;;;;;;;;;;IIII;11;18;;I;;EEEE;TTTTTTTTTT;YYYYYYYY;;;;UUUU;NNN;KKKKKKK;PPPP;COS-COG3-0A-AM-MA;;;;;;;;;;;CO;;;;;;;;;;;;;;;;;-12,00;12,88;;;;
COS-COG3-0A-BM-MA-D1;Fdr n.11 - Seccionador MT;Z-RSS;S;;;;;;;;;;;;;;;;;IIII;11;18;;I;;EEEE;TTTTTTTTTT;YYYYYYYY;;;;UUUU;NNN;KKKKKKK;PPPP;COS-COG3-0A-BM-MA;;;;;;;;;;;CO;;;;;;;;;;;;;;;;;-12,00;12,88;;;;
COS-COG3-0A-CM-MA-D1;Fdr n.12 - Seccionador MT;Z-RSS;S;;;;;;;;;;;;;;;;;IIII;11;18;;I;;EEEE;TTTTTTTTTT;YYYYYYYY;;;;UUUU;NNN;KKKKKKK;PPPP;COS-COG3-0A-CM-MA;;;;;;;;;;;CO;;;;;;;;;;;;;;;;;-12,00;12,88;;;;
COS-COG3-0A-DM-MA-D1;Fdr n.13 - Seccionador MT;Z-RSS;S;;;;;;;;;;;;;;;;;IIII;11;18;;I;;EEEE;TTTTTTTTTT;YYYYYYYY;;;;UUUU;NNN;KKKKKKK;PPPP;COS-COG3-0A-DM-MA;;;;;;;;;;;CO;;;;;;;;;;;;;;;;;-12,00;12,88;;;;
COS-COG3-0A-EM-MA-D1;Fdr n.14 - Seccionador MT;Z-RSS;S;;;;;;;;;;;;;;;;;IIII;11;18;;I;;EEEE;TTTTTTTTTT;YYYYYYYY;;;;UUUU;NNN;KKKKKKK;PPPP;COS-COG3-0A-EM-MA;;;;;;;;;;;CO;;;;;;;;;;;;;;;;;-12,00;12,88;;;;
COS-COG3-0A-FM-MA-D1;Fdr n.15 - Seccionador MT;Z-RSS;S;;;;;;;;;;;;;;;;;IIII;11;18;;I;;EEEE;TTTTTTTTTT;YYYYYYYY;;;;UUUU;NNN;KKKKKKK;PPPP;COS-COG3-0A-FM-MA;;;;;;;;;;;CO;;;;;;;;;;;;;;;;;-12,00;12,88;;;;
COS-COG3-0A-GM-MA-D1;Fdr n.16 - Seccionador MT;Z-RSS;S;;;;;;;;;;;;;;;;;IIII;11;18;;I;;EEEE;TTTTTTTTTT;YYYYYYYY;;;;UUUU;NNN;KKKKKKK;PPPP;COS-COG3-0A-GM-MA;;;;;;;;;;;CO;;;;;;;;;;;;;;;;;-12,00;12,88;;;;
COS-COG3-0A-HM-MA-D1;Fdr n.17 - Seccionador MT;Z-RSS;S;;;;;;;;;;;;;;;;;IIII;11;18;;I;;EEEE;TTTTTTTTTT;YYYYYYYY;;;;UUUU;NNN;KKKKKKK;PPPP;COS-COG3-0A-HM-MA;;;;;;;;;;;CO;;;;;;;;;;;;;;;;;-12,00;12,88;;;;
COS-COG3-0A-1M-MA-A1;Fdr n.01 - Trafo medida/prot. MT (TC);Z-RSS;S;;;;;;;;;;;;;;;;;IIII;11;18;;I;;EEEE;TTTTTTTTTT;YYYYYYYY;;;;UUUU;NNN;KKKKKKK;PPPP;COS-COG3-0A-1M-MA;;;;;;;;;;;CO;;;;;;;;;;;;;;;;;-12,00;12,88;;;;
COS-COG3-0A-2M-MA-A1;Fdr n.02 - Trafo medida/prot. MT (TC);Z-RSS;S;;;;;;;;;;;;;;;;;IIII;11;18;;I;;EEEE;TTTTTTTTTT;YYYYYYYY;;;;UUUU;NNN;KKKKKKK;PPPP;COS-COG3-0A-2M-MA;;;;;;;;;;;CO;;;;;;;;;;;;;;;;;-12,00;12,88;;;;
COS-COG3-0A-3M-MA-A1;Fdr n.03 - Trafo medida/prot. MT (TC);Z-RSS;S;;;;;;;;;;;;;;;;;IIII;11;18;;I;;EEEE;TTTTTTTTTT;YYYYYYYY;;;;UUUU;NNN;KKKKKKK;PPPP;COS-COG3-0A-3M-MA;;;;;;;;;;;CO;;;;;;;;;;;;;;;;;-12,00;12,88;;;;
COS-COG3-0A-4M-MA-A1;Fdr n.04 - Trafo medida/prot. MT (TC);Z-RSS;S;;;;;;;;;;;;;;;;;IIII;11;18;;I;;EEEE;TTTTTTTTTT;YYYYYYYY;;;;UUUU;NNN;KKKKKKK;PPPP;COS-COG3-0A-4M-MA;;;;;;;;;;;CO;;;;;;;;;;;;;;;;;-12,00;12,88;;;;
COS-COG3-0A-5M-MA-A1;Fdr n.05 - Trafo medida/prot. MT (TC);Z-RSS;S;;;;;;;;;;;;;;;;;IIII;11;18;;I;;EEEE;TTTTTTTTTT;YYYYYYYY;;;;UUUU;NNN;KKKKKKK;PPPP;COS-COG3-0A-5M-MA;;;;;;;;;;;CO;;;;;;;;;;;;;;;;;-12,00;12,88;;;;
COS-COG3-0A-6M-MA-A1;Fdr n.06 - Trafo medida/prot. MT (TC);Z-RSS;S;;;;;;;;;;;;;;;;;IIII;11;18;;I;;EEEE;TTTTTTTTTT;YYYYYYYY;;;;UUUU;NNN;KKKKKKK;PPPP;COS-COG3-0A-6M-MA;;;;;;;;;;;CO;;;;;;;;;;;;;;;;;-12,00;12,88;;;;
COS-COG3-0A-7M-MA-A1;Fdr n.07 - Trafo medida/prot. MT (TC);Z-RSS;S;;;;;;;;;;;;;;;;;IIII;11;18;;I;;EEEE;TTTTTTTTTT;YYYYYYYY;;;;UUUU;NNN;KKKKKKK;PPPP;COS-COG3-0A-7M-MA;;;;;;;;;;;CO;;;;;;;;;;;;;;;;;-12,00;12,88;;;;
COS-COG3-0A-8M-MA-A1;Fdr n.08 - Trafo medida/prot. MT (TC);Z-RSS;S;;;;;;;;;;;;;;;;;IIII;11;18;;I;;EEEE;TTTTTTTTTT;YYYYYYYY;;;;UUUU;NNN;KKKKKKK;PPPP;COS-COG3-0A-8M-MA;;;;;;;;;;;CO;;;;;;;;;;;;;;;;;-12,00;12,88;;;;
COS-COG3-0A-9M-MA-A1;Fdr n.09 - Trafo medida/prot. MT (TC);Z-RSS;S;;;;;;;;;;;;;;;;;IIII;11;18;;I;;EEEE;TTTTTTTTTT;YYYYYYYY;;;;UUUU;NNN;KKKKKKK;PPPP;COS-COG3-0A-9M-MA;;;;;;;;;;;CO;;;;;;;;;;;;;;;;;-12,00;12,88;;;;
COS-COG3-0A-AM-MA-A1;Fdr n.10 - Trafo medida/prot. MT (TC);Z-RSS;S;;;;;;;;;;;;;;;;;IIII;11;18;;I;;EEEE;TTTTTTTTTT;YYYYYYYY;;;;UUUU;NNN;KKKKKKK;PPPP;COS-COG3-0A-AM-MA;;;;;;;;;;;CO;;;;;;;;;;;;;;;;;-12,00;12,88;;;;
COS-COG3-0A-BM-MA-A1;Fdr n.11 - Trafo medida/prot. MT (TC);Z-RSS;S;;;;;;;;;;;;;;;;;IIII;11;18;;I;;EEEE;TTTTTTTTTT;YYYYYYYY;;;;UUUU;NNN;KKKKKKK;PPPP;COS-COG3-0A-BM-MA;;;;;;;;;;;CO;;;;;;;;;;;;;;;;;-12,00;12,88;;;;
COS-COG3-0A-CM-MA-A1;Fdr n.12 - Trafo medida/prot. MT (TC);Z-RSS;S;;;;;;;;;;;;;;;;;IIII;11;18;;I;;EEEE;TTTTTTTTTT;YYYYYYYY;;;;UUUU;NNN;KKKKKKK;PPPP;COS-COG3-0A-CM-MA;;;;;;;;;;;CO;;;;;;;;;;;;;;;;;-12,00;12,88;;;;
COS-COG3-0A-DM-MA-A1;Fdr n.13 - Trafo medida/prot. MT (TC);Z-RSS;S;;;;;;;;;;;;;;;;;IIII;11;18;;I;;EEEE;TTTTTTTTTT;YYYYYYYY;;;;UUUU;NNN;KKKKKKK;PPPP;COS-COG3-0A-DM-MA;;;;;;;;;;;CO;;;;;;;;;;;;;;;;;-12,00;12,88;;;;
COS-COG3-0A-EM-MA-A1;Fdr n.14 - Trafo medida/prot. MT (TC);Z-RSS;S;;;;;;;;;;;;;;;;;IIII;11;18;;I;;EEEE;TTTTTTTTTT;YYYYYYYY;;;;UUUU;NNN;KKKKKKK;PPPP;COS-COG3-0A-EM-MA;;;;;;;;;;;CO;;;;;;;;;;;;;;;;;-12,00;12,88;;;;
COS-COG3-0A-FM-MA-A1;Fdr n.15 - Trafo medida/prot. MT (TC);Z-RSS;S;;;;;;;;;;;;;;;;;IIII;11;18;;I;;EEEE;TTTTTTTTTT;YYYYYYYY;;;;UUUU;NNN;KKKKKKK;PPPP;COS-COG3-0A-FM-MA;;;;;;;;;;;CO;;;;;;;;;;;;;;;;;-12,00;12,88;;;;
COS-COG3-0A-GM-MA-A1;Fdr n.16 - Trafo medida/prot. MT (TC);Z-RSS;S;;;;;;;;;;;;;;;;;IIII;11;18;;I;;EEEE;TTTTTTTTTT;YYYYYYYY;;;;UUUU;NNN;KKKKKKK;PPPP;COS-COG3-0A-GM-MA;;;;;;;;;;;CO;;;;;;;;;;;;;;;;;-12,00;12,88;;;;
COS-COG3-0A-HM-MA-A1;Fdr n.17 - Trafo medida/prot. MT (TC);Z-RSS;S;;;;;;;;;;;;;;;;;IIII;11;18;;I;;EEEE;TTTTTTTTTT;YYYYYYYY;;;;UUUU;NNN;KKKKKKK;PPPP;COS-COG3-0A-HM-MA;;;;;;;;;;;CO;;;;;;;;;;;;;;;;;-12,00;12,88;;;;
COS-COG3-0A-1M-MA-S1;Fdr n.01 - Pararrayos MT;Z-RSS;S;;;;;;;;;;;;;;;;;IIII;11;18;;I;;EEEE;TTTTTTTTTT;YYYYYYYY;;;;UUUU;NNN;KKKKKKK;PPPP;COS-COG3-0A-1M-MA;;;;;;;;;;;CO;;;;;;;;;;;;;;;;;-12,00;12,88;;;;
COS-COG3-0A-2M-MA-S1;Fdr n.02 - Pararrayos MT;Z-RSS;S;;;;;;;;;;;;;;;;;IIII;11;18;;I;;EEEE;TTTTTTTTTT;YYYYYYYY;;;;UUUU;NNN;KKKKKKK;PPPP;COS-COG3-0A-2M-MA;;;;;;;;;;;CO;;;;;;;;;;;;;;;;;-12,00;12,88;;;;
COS-COG3-0A-3M-MA-S1;Fdr n.03 - Pararrayos MT;Z-RSS;S;;;;;;;;;;;;;;;;;IIII;11;18;;I;;EEEE;TTTTTTTTTT;YYYYYYYY;;;;UUUU;NNN;KKKKKKK;PPPP;COS-COG3-0A-3M-MA;;;;;;;;;;;CO;;;;;;;;;;;;;;;;;-12,00;12,88;;;;
COS-COG3-0A-4M-MA-S1;Fdr n.04 - Pararrayos MT;Z-RSS;S;;;;;;;;;;;;;;;;;IIII;11;18;;I;;EEEE;TTTTTTTTTT;YYYYYYYY;;;;UUUU;NNN;KKKKKKK;PPPP;COS-COG3-0A-4M-MA;;;;;;;;;;;CO;;;;;;;;;;;;;;;;;-12,00;12,88;;;;
COS-COG3-0A-5M-MA-S1;Fdr n.05 - Pararrayos MT;Z-RSS;S;;;;;;;;;;;;;;;;;IIII;11;18;;I;;EEEE;TTTTTTTTTT;YYYYYYYY;;;;UUUU;NNN;KKKKKKK;PPPP;COS-COG3-0A-5M-MA;;;;;;;;;;;CO;;;;;;;;;;;;;;;;;-12,00;12,88;;;;
COS-COG3-0A-6M-MA-S1;Fdr n.06 - Pararrayos MT;Z-RSS;S;;;;;;;;;;;;;;;;;IIII;11;18;;I;;EEEE;TTTTTTTTTT;YYYYYYYY;;;;UUUU;NNN;KKKKKKK;PPPP;COS-COG3-0A-6M-MA;;;;;;;;;;;CO;;;;;;;;;;;;;;;;;-12,00;12,88;;;;
COS-COG3-0A-7M-MA-S1;Fdr n.07 - Pararrayos MT;Z-RSS;S;;;;;;;;;;;;;;;;;IIII;11;18;;I;;EEEE;TTTTTTTTTT;YYYYYYYY;;;;UUUU;NNN;KKKKKKK;PPPP;COS-COG3-0A-7M-MA;;;;;;;;;;;CO;;;;;;;;;;;;;;;;;-12,00;12,88;;;;
COS-COG3-0A-8M-MA-S1;Fdr n.08 - Pararrayos MT;Z-RSS;S;;;;;;;;;;;;;;;;;IIII;11;18;;I;;EEEE;TTTTTTTTTT;YYYYYYYY;;;;UUUU;NNN;KKKKKKK;PPPP;COS-COG3-0A-8M-MA;;;;;;;;;;;CO;;;;;;;;;;;;;;;;;-12,00;12,88;;;;
COS-COG3-0A-9M-MA-S1;Fdr n.09 - Pararrayos MT;Z-RSS;S;;;;;;;;;;;;;;;;;IIII;11;18;;I;;EEEE;TTTTTTTTTT;YYYYYYYY;;;;UUUU;NNN;KKKKKKK;PPPP;COS-COG3-0A-9M-MA;;;;;;;;;;;CO;;;;;;;;;;;;;;;;;-12,00;12,88;;;;
COS-COG3-0A-AM-MA-S1;Fdr n.10 - Pararrayos MT;Z-RSS;S;;;;;;;;;;;;;;;;;IIII;11;18;;I;;EEEE;TTTTTTTTTT;YYYYYYYY;;;;UUUU;NNN;KKKKKKK;PPPP;COS-COG3-0A-AM-MA;;;;;;;;;;;CO;;;;;;;;;;;;;;;;;-12,00;12,88;;;;
COS-COG3-0A-BM-MA-S1;Fdr n.11 - Pararrayos MT;Z-RSS;S;;;;;;;;;;;;;;;;;IIII;11;18;;I;;EEEE;TTTTTTTTTT;YYYYYYYY;;;;UUUU;NNN;KKKKKKK;PPPP;COS-COG3-0A-BM-MA;;;;;;;;;;;CO;;;;;;;;;;;;;;;;;-12,00;12,88;;;;
COS-COG3-0A-CM-MA-S1;Fdr n.12 - Pararrayos MT;Z-RSS;S;;;;;;;;;;;;;;;;;IIII;11;18;;I;;EEEE;TTTTTTTTTT;YYYYYYYY;;;;UUUU;NNN;KKKKKKK;PPPP;COS-COG3-0A-CM-MA;;;;;;;;;;;CO;;;;;;;;;;;;;;;;;-12,00;12,88;;;;
COS-COG3-0A-DM-MA-S1;Fdr n.13 - Pararrayos MT;Z-RSS;S;;;;;;;;;;;;;;;;;IIII;11;18;;I;;EEEE;TTTTTTTTTT;YYYYYYYY;;;;UUUU;NNN;KKKKKKK;PPPP;COS-COG3-0A-DM-MA;;;;;;;;;;;CO;;;;;;;;;;;;;;;;;-12,00;12,88;;;;
COS-COG3-0A-EM-MA-S1;Fdr n.14 - Pararrayos MT;Z-RSS;S;;;;;;;;;;;;;;;;;IIII;11;18;;I;;EEEE;TTTTTTTTTT;YYYYYYYY;;;;UUUU;NNN;KKKKKKK;PPPP;COS-COG3-0A-EM-MA;;;;;;;;;;;CO;;;;;;;;;;;;;;;;;-12,00;12,88;;;;
COS-COG3-0A-FM-MA-S1;Fdr n.15 - Pararrayos MT;Z-RSS;S;;;;;;;;;;;;;;;;;IIII;11;18;;I;;EEEE;TTTTTTTTTT;YYYYYYYY;;;;UUUU;NNN;KKKKKKK;PPPP;COS-COG3-0A-FM-MA;;;;;;;;;;;CO;;;;;;;;;;;;;;;;;-12,00;12,88;;;;
COS-COG3-0A-GM-MA-S1;Fdr n.16 - Pararrayos MT;Z-RSS;S;;;;;;;;;;;;;;;;;IIII;11;18;;I;;EEEE;TTTTTTTTTT;YYYYYYYY;;;;UUUU;NNN;KKKKKKK;PPPP;COS-COG3-0A-GM-MA;;;;;;;;;;;CO;;;;;;;;;;;;;;;;;-12,00;12,88;;;;
COS-COG3-0A-HM-MA-S1;Fdr n.17 - Pararrayos MT;Z-RSS;S;;;;;;;;;;;;;;;;;IIII;11;18;;I;;EEEE;TTTTTTTTTT;YYYYYYYY;;;;UUUU;NNN;KKKKKKK;PPPP;COS-COG3-0A-HM-MA;;;;;;;;;;;CO;;;;;;;;;;;;;;;;;-12,00;12,88;;;;
COS-COG3-0A-9M-MA-Z1;Fdr n.09 - Trafo puesta a tierra zig-zag;Z-RSS;S;;;;;;;;;;;;;;;;;IIII;11;18;;I;;EEEE;TTTTTTTTTT;YYYYYYYY;;;;UUUU;NNN;KKKKKKK;PPPP;COS-COG3-0A-9M-MA;;;;;;;;;;;CO;;;;;;;;;;;;;;;;;-12,00;12,88;;;;
COS-COG3-0A-HM-MA-Z1;Fdr n.17 - Trafo puesta a tierra zig-zag;Z-RSS;S;;;;;;;;;;;;;;;;;IIII;11;18;;I;;EEEE;TTTTTTTTTT;YYYYYYYY;;;;UUUU;NNN;KKKKKKK;PPPP;COS-COG3-0A-HM-MA;;;;;;;;;;;CO;;;;;;;;;;;;;;;;;-12,00;12,88;;;;
COS-COG3-0A-1M-MA-C1;Fdr n.01 - Batería de condensadores MT;Z-RSS;S;;;;;;;;;;;;;;;;;IIII;11;18;;I;;EEEE;TTTTTTTTTT;YYYYYYYY;;;;UUUU;NNN;KKKKKKK;PPPP;COS-COG3-0A-1M-MA;;;;;;;;;;;CO;;;;;;;;;;;;;;;;;-12,00;12,88;;;;
COS-COG3-0A-2M-MA-C1;Fdr n.02 - Batería de condensadores MT;Z-RSS;S;;;;;;;;;;;;;;;;;IIII;11;18;;I;;EEEE;TTTTTTTTTT;YYYYYYYY;;;;UUUU;NNN;KKKKKKK;PPPP;COS-COG3-0A-2M-MA;;;;;;;;;;;CO;;;;;;;;;;;;;;;;;-12,00;12,88;;;;
COS-COG3-0A-3M-MA-C1;Fdr n.03 - Batería de condensadores MT;Z-RSS;S;;;;;;;;;;;;;;;;;IIII;11;18;;I;;EEEE;TTTTTTTTTT;YYYYYYYY;;;;UUUU;NNN;KKKKKKK;PPPP;COS-COG3-0A-3M-MA;;;;;;;;;;;CO;;;;;;;;;;;;;;;;;-12,00;12,88;;;;
COS-COG3-0A-4M-MA-C1;Fdr n.04 - Batería de condensadores MT;Z-RSS;S;;;;;;;;;;;;;;;;;IIII;11;18;;I;;EEEE;TTTTTTTTTT;YYYYYYYY;;;;UUUU;NNN;KKKKKKK;PPPP;COS-COG3-0A-4M-MA;;;;;;;;;;;CO;;;;;;;;;;;;;;;;;-12,00;12,88;;;;
COS-COG3-0A-5M-MA-C1;Fdr n.05 - Batería de condensadores MT;Z-RSS;S;;;;;;;;;;;;;;;;;IIII;11;18;;I;;EEEE;TTTTTTTTTT;YYYYYYYY;;;;UUUU;NNN;KKKKKKK;PPPP;COS-COG3-0A-5M-MA;;;;;;;;;;;CO;;;;;;;;;;;;;;;;;-12,00;12,88;;;;
COS-COG3-0A-6M-MA-C1;Fdr n.06 - Batería de condensadores MT;Z-RSS;S;;;;;;;;;;;;;;;;;IIII;11;18;;I;;EEEE;TTTTTTTTTT;YYYYYYYY;;;;UUUU;NNN;KKKKKKK;PPPP;COS-COG3-0A-6M-MA;;;;;;;;;;;CO;;;;;;;;;;;;;;;;;-12,00;12,88;;;;
COS-COG3-0A-7M-MA-C1;Fdr n.07 - Batería de condensadores MT;Z-RSS;S;;;;;;;;;;;;;;;;;IIII;11;18;;I;;EEEE;TTTTTTTTTT;YYYYYYYY;;;;UUUU;NNN;KKKKKKK;PPPP;COS-COG3-0A-7M-MA;;;;;;;;;;;CO;;;;;;;;;;;;;;;;;-12,00;12,88;;;;
COS-COG3-0A-8M-MA-C1;Fdr n.08 - Batería de condensadores MT;Z-RSS;S;;;;;;;;;;;;;;;;;IIII;11;18;;I;;EEEE;TTTTTTTTTT;YYYYYYYY;;;;UUUU;NNN;KKKKKKK;PPPP;COS-COG3-0A-8M-MA;;;;;;;;;;;CO;;;;;;;;;;;;;;;;;-12,00;12,88;;;;
COS-COG3-0A-9M-MA-C1;Fdr n.09 - Batería de condensadores MT;Z-RSS;S;;;;;;;;;;;;;;;;;IIII;11;18;;I;;EEEE;TTTTTTTTTT;YYYYYYYY;;;;UUUU;NNN;KKKKKKK;PPPP;COS-COG3-0A-9M-MA;;;;;;;;;;;CO;;;;;;;;;;;;;;;;;-12,00;12,88;;;;
COS-COG3-0A-AM-MA-C1;Fdr n.10 - Batería de condensadores MT;Z-RSS;S;;;;;;;;;;;;;;;;;IIII;11;18;;I;;EEEE;TTTTTTTTTT;YYYYYYYY;;;;UUUU;NNN;KKKKKKK;PPPP;COS-COG3-0A-AM-MA;;;;;;;;;;;CO;;;;;;;;;;;;;;;;;-12,00;12,88;;;;
COS-COG3-0A-BM-MA-C1;Fdr n.11 - Batería de condensadores MT;Z-RSS;S;;;;;;;;;;;;;;;;;IIII;11;18;;I;;EEEE;TTTTTTTTTT;YYYYYYYY;;;;UUUU;NNN;KKKKKKK;PPPP;COS-COG3-0A-BM-MA;;;;;;;;;;;CO;;;;;;;;;;;;;;;;;-12,00;12,88;;;;
COS-COG3-0A-CM-MA-C1;Fdr n.12 - Batería de condensadores MT;Z-RSS;S;;;;;;;;;;;;;;;;;IIII;11;18;;I;;EEEE;TTTTTTTTTT;YYYYYYYY;;;;UUUU;NNN;KKKKKKK;PPPP;COS-COG3-0A-CM-MA;;;;;;;;;;;CO;;;;;;;;;;;;;;;;;-12,00;12,88;;;;
COS-COG3-0A-DM-MA-C1;Fdr n.13 - Batería de condensadores MT;Z-RSS;S;;;;;;;;;;;;;;;;;IIII;11;18;;I;;EEEE;TTTTTTTTTT;YYYYYYYY;;;;UUUU;NNN;KKKKKKK;PPPP;COS-COG3-0A-DM-MA;;;;;;;;;;;CO;;;;;;;;;;;;;;;;;-12,00;12,88;;;;
COS-COG3-0A-EM-MA-C1;Fdr n.14 - Batería de condensadores MT;Z-RSS;S;;;;;;;;;;;;;;;;;IIII;11;18;;I;;EEEE;TTTTTTTTTT;YYYYYYYY;;;;UUUU;NNN;KKKKKKK;PPPP;COS-COG3-0A-EM-MA;;;;;;;;;;;CO;;;;;;;;;;;;;;;;;-12,00;12,88;;;;
COS-COG3-0A-FM-MA-C1;Fdr n.15 - Batería de condensadores MT;Z-RSS;S;;;;;;;;;;;;;;;;;IIII;11;18;;I;;EEEE;TTTTTTTTTT;YYYYYYYY;;;;UUUU;NNN;KKKKKKK;PPPP;COS-COG3-0A-FM-MA;;;;;;;;;;;CO;;;;;;;;;;;;;;;;;-12,00;12,88;;;;
COS-COG3-0A-GM-MA-C1;Fdr n.16 - Batería de condensadores MT;Z-RSS;S;;;;;;;;;;;;;;;;;IIII;11;18;;I;;EEEE;TTTTTTTTTT;YYYYYYYY;;;;UUUU;NNN;KKKKKKK;PPPP;COS-COG3-0A-GM-MA;;;;;;;;;;;CO;;;;;;;;;;;;;;;;;-12,00;12,88;;;;
COS-COG3-0A-HM-MA-C1;Fdr n.17 - Batería de condensadores MT;Z-RSS;S;;;;;;;;;;;;;;;;;IIII;11;18;;I;;EEEE;TTTTTTTTTT;YYYYYYYY;;;;UUUU;NNN;KKKKKKK;PPPP;COS-COG3-0A-HM-MA;;;;;;;;;;;CO;;;;;;;;;;;;;;;;;-12,00;12,88;;;;
COS-COG3-0A-1M-MA-M1;Fdr n.01 - Contador de energía;Z-RSS;S;;;;;;;;;;;;;;;;;IIII;11;18;;I;;EEEE;TTTTTTTTTT;YYYYYYYY;;;;UUUU;NNN;KKKKKKK;PPPP;COS-COG3-0A-1M-MA;;;;;;;;;;;CO;;;;;;;;;;;;;;;;;-12,00;12,88;;;;
COS-COG3-0A-2M-MA-M1;Fdr n.02 - Contador de energía;Z-RSS;S;;;;;;;;;;;;;;;;;IIII;11;18;;I;;EEEE;TTTTTTTTTT;YYYYYYYY;;;;UUUU;NNN;KKKKKKK;PPPP;COS-COG3-0A-2M-MA;;;;;;;;;;;CO;;;;;;;;;;;;;;;;;-12,00;12,88;;;;
COS-COG3-0A-3M-MA-M1;Fdr n.03 - Contador de energía;Z-RSS;S;;;;;;;;;;;;;;;;;IIII;11;18;;I;;EEEE;TTTTTTTTTT;YYYYYYYY;;;;UUUU;NNN;KKKKKKK;PPPP;COS-COG3-0A-3M-MA;;;;;;;;;;;CO;;;;;;;;;;;;;;;;;-12,00;12,88;;;;
COS-COG3-0A-4M-MA-M1;Fdr n.04 - Contador de energía;Z-RSS;S;;;;;;;;;;;;;;;;;IIII;11;18;;I;;EEEE;TTTTTTTTTT;YYYYYYYY;;;;UUUU;NNN;KKKKKKK;PPPP;COS-COG3-0A-4M-MA;;;;;;;;;;;CO;;;;;;;;;;;;;;;;;-12,00;12,88;;;;
COS-COG3-0A-5M-MA-M1;Fdr n.05 - Contador de energía;Z-RSS;S;;;;;;;;;;;;;;;;;IIII;11;18;;I;;EEEE;TTTTTTTTTT;YYYYYYYY;;;;UUUU;NNN;KKKKKKK;PPPP;COS-COG3-0A-5M-MA;;;;;;;;;;;CO;;;;;;;;;;;;;;;;;-12,00;12,88;;;;
COS-COG3-0A-6M-MA-M1;Fdr n.06 - Contador de energía;Z-RSS;S;;;;;;;;;;;;;;;;;IIII;11;18;;I;;EEEE;TTTTTTTTTT;YYYYYYYY;;;;UUUU;NNN;KKKKKKK;PPPP;COS-COG3-0A-6M-MA;;;;;;;;;;;CO;;;;;;;;;;;;;;;;;-12,00;12,88;;;;
COS-COG3-0A-7M-MA-M1;Fdr n.07 - Contador de energía;Z-RSS;S;;;;;;;;;;;;;;;;;IIII;11;18;;I;;EEEE;TTTTTTTTTT;YYYYYYYY;;;;UUUU;NNN;KKKKKKK;PPPP;COS-COG3-0A-7M-MA;;;;;;;;;;;CO;;;;;;;;;;;;;;;;;-12,00;12,88;;;;
COS-COG3-0A-8M-MA-M1;Fdr n.08 - Contador de energía;Z-RSS;S;;;;;;;;;;;;;;;;;IIII;11;18;;I;;EEEE;TTTTTTTTTT;YYYYYYYY;;;;UUUU;NNN;KKKKKKK;PPPP;COS-COG3-0A-8M-MA;;;;;;;;;;;CO;;;;;;;;;;;;;;;;;-12,00;12,88;;;;
COS-COG3-0A-9M-MA-M1;Fdr n.09 - Contador de energía;Z-RSS;S;;;;;;;;;;;;;;;;;IIII;11;18;;I;;EEEE;TTTTTTTTTT;YYYYYYYY;;;;UUUU;NNN;KKKKKKK;PPPP;COS-COG3-0A-9M-MA;;;;;;;;;;;CO;;;;;;;;;;;;;;;;;-12,00;12,88;;;;
COS-COG3-0A-AM-MA-M1;Fdr n.10 - Contador de energía;Z-RSS;S;;;;;;;;;;;;;;;;;IIII;11;18;;I;;EEEE;TTTTTTTTTT;YYYYYYYY;;;;UUUU;NNN;KKKKKKK;PPPP;COS-COG3-0A-AM-MA;;;;;;;;;;;CO;;;;;;;;;;;;;;;;;-12,00;12,88;;;;
COS-COG3-0A-BM-MA-M1;Fdr n.11 - Contador de energía;Z-RSS;S;;;;;;;;;;;;;;;;;IIII;11;18;;I;;EEEE;TTTTTTTTTT;YYYYYYYY;;;;UUUU;NNN;KKKKKKK;PPPP;COS-COG3-0A-BM-MA;;;;;;;;;;;CO;;;;;;;;;;;;;;;;;-12,00;12,88;;;;
COS-COG3-0A-CM-MA-M1;Fdr n.12 - Contador de energía;Z-RSS;S;;;;;;;;;;;;;;;;;IIII;11;18;;I;;EEEE;TTTTTTTTTT;YYYYYYYY;;;;UUUU;NNN;KKKKKKK;PPPP;COS-COG3-0A-CM-MA;;;;;;;;;;;CO;;;;;;;;;;;;;;;;;-12,00;12,88;;;;
COS-COG3-0A-DM-MA-M1;Fdr n.13 - Contador de energía;Z-RSS;S;;;;;;;;;;;;;;;;;IIII;11;18;;I;;EEEE;TTTTTTTTTT;YYYYYYYY;;;;UUUU;NNN;KKKKKKK;PPPP;COS-COG3-0A-DM-MA;;;;;;;;;;;CO;;;;;;;;;;;;;;;;;-12,00;12,88;;;;
COS-COG3-0A-EM-MA-M1;Fdr n.14 - Contador de energía;Z-RSS;S;;;;;;;;;;;;;;;;;IIII;11;18;;I;;EEEE;TTTTTTTTTT;YYYYYYYY;;;;UUUU;NNN;KKKKKKK;PPPP;COS-COG3-0A-EM-MA;;;;;;;;;;;CO;;;;;;;;;;;;;;;;;-12,00;12,88;;;;
COS-COG3-0A-FM-MA-M1;Fdr n.15 - Contador de energía;Z-RSS;S;;;;;;;;;;;;;;;;;IIII;11;18;;I;;EEEE;TTTTTTTTTT;YYYYYYYY;;;;UUUU;NNN;KKKKKKK;PPPP;COS-COG3-0A-FM-MA;;;;;;;;;;;CO;;;;;;;;;;;;;;;;;-12,00;12,88;;;;
COS-COG3-0A-GM-MA-M1;Fdr n.16 - Contador de energía;Z-RSS;S;;;;;;;;;;;;;;;;;IIII;11;18;;I;;EEEE;TTTTTTTTTT;YYYYYYYY;;;;UUUU;NNN;KKKKKKK;PPPP;COS-COG3-0A-GM-MA;;;;;;;;;;;CO;;;;;;;;;;;;;;;;;-12,00;12,88;;;;
COS-COG3-0A-HM-MA-M1;Fdr n.17 - Contador de energía;Z-RSS;S;;;;;;;;;;;;;;;;;IIII;11;18;;I;;EEEE;TTTTTTTTTT;YYYYYYYY;;;;UUUU;NNN;KKKKKKK;PPPP;COS-COG3-0A-HM-MA;;;;;;;;;;;CO;;;;;;;;;;;;;;;;;-12,00;12,88;;;;
