FL;Description;AM Section;AM Part;AM Component;Element Type;Tech.Obj.SAP CODE;Catalog Profile
kkR;IsoCode Country + Technology (G);;;;;;
kkR-yyyy;Plant code;;;;;;
kkR-yyyy-yy;Plant name;;;;;;FL00000R
kkR-yyyy-yy-32;RETE DI TERRA;1360;13;1330;ALG;FL_SAFSYST;FL00000R
kkR-yyyy-yy-32-RV0;RETE DI TERRA;1360;13;1330;ALG;FL_SAFSYST;FL00000R
kkR-yyyy-yy-57;EDIFICI E INFRASTRUTTURE;1300;13;1310;ALG;FL_INFRAST;FL00000R
kkR-yyyy-yy-57-C1n;CARRO PONTE;1300;13;1310;ALG;FL_INFRAST;FL00000R
kkR-yyyy-yy-57-FYn;EDIFICI VARI;1300;13;1310;ALG;FL_INFRAST;FL00000R
kkR-yyyy-yy-57-TE0;TERRENI;1300;13;1311;ALG;FL_INFRAST;FL00000R
kkR-yyyy-yy-57-SA0;STRADE;1300;13;1310;ALG;FL_INFRAST;FL00000R
kkR-yyyy-yy-75-CK0;STAZIONE ARIA COMPRESSA;1370;13;1330;ALG;FL_OTHER;FL00000R
kkR-yyyy-yy-75-CS0;STRUMENTAZIONE IMPIANTO;1370;13;1330;ALG;FL_AUT&CON;FL00000R
kkR-yyyy-yy-75-DR0;DRENAGGI IMPIANTO;1370;13;1330;ALG;FL_PIPING;FL00000R
kkR-yyyy-yy-75-E4n;CASSA ARIA DI COMPENSAZIONE;1370;13;1330;ALG;FL_OTHER;FL00000R
kkR-yyyy-yy-75-ICn;CLIMATIZZAZIONE BOX IMPIANTO;1370;13;1330;ALG;FL_BR_SYST;FL00000R
kkR-yyyy-yy-75-IL0;LUCE E F.M.;1370;13;1330;ALG;FL_AUXSYST;FL00000R
kkR-yyyy-yy-75-IMn;INTERRUTTORE MT n;1370;13;1330;ALG;FL_AUXSYST;FL00000R
kkR-yyyy-yy-75-nyy;TRATTO TUBAZIONE REINIEZIONE nyy;1370;13;1330;ALG;FL_PIPING;FL00000R
kkR-yyyy-yy-75-nyy-kn;TRATTO TUBAZIONE REINIEZIONE kn;1370;13;1330;ALG;FL_PIPING;FL00000R
kkR-yyyy-yy-75-OC0;OPERE CIVILI;1370;13;1330;ALG;FL_INFRAST;FL00000R
kkR-yyyy-yy-75-PLn;POMPA ALIMENTAZ. LAVAGGIO;1370;13;1330;ILG;FL_PUMPS;FL00000R
kkR-yyyy-yy-75-PRn;POMPA IMPIANTO REINIEZIONE n;1370;13;1330;ALG;FL_PUMPS;FL00000R
kkR-yyyy-yy-75-Q1n;QUADRO UPS;1370;13;1330;ALG;FL_AUXSYST;FL00000R
kkR-yyyy-yy-75-QAn;QUADRO AUTOMAZIONE POZZO;1370;13;1330;ALG;FL_AUXSYST;FL00000R
kkR-yyyy-yy-75-QBn;QUADRO ALIMENTAZIONI;1370;13;1330;ALG;FL_AUXSYST;FL00000R
kkR-yyyy-yy-75-QMn;QUADRO MANOVRA;1370;13;1330;ALG;FL_AUXSYST;FL00000R
kkR-yyyy-yy-75-QRn;QUADRO REINIEZIONE;1370;13;1330;ALG;FL_AUXSYST;FL00000R
kkR-yyyy-yy-75-SPn;SEPARATORE ATMOSFERICO STAZ. PISCINA;1370;13;1330;ALG;FL_DEMIST;FL00000R
kkR-yyyy-yy-75-T0n;TRASFORMATORE TS MT/BT;1370;13;1330;ALG;FL_AUXSYST;FL00000R
kkR-yyyy-yy-75-TC0;QUADRO TELECOMANDO POZZO;1370;13;1330;ALG;FL_OTHER;FL00000R
kkR-yyyy-yy-75-TV0;TUBAZIONI E VALVOLE IMPIANTO;1370;13;1330;ALG;FL_PIPING;FL00000R
kkR-yyyy-yy-75-VBn;VALVOLA;1370;13;1330;ALG;FL_ELECEQ;FL00000R
kkR-yyyy-yy-75-VRn;VASCA IMPIANTO;1370;13;1330;ALG;FL_INFRAST;FL00000R
kkR-yyyy-yy-75;IMPIANTO REINIEZIONE;1370;13;1330;SIG;FL_AUXSYST;FL00000R
kkR-yyyy-yy-80;POZZO BOCCAPOZZO OPERE CIVILI;1390;13;1320;SIG;FL_WEL_P&R;FL00000R
kkR-yyyy-yy-80-BPy;BOCCAPOZZO POZZO y;1390;13;1320;ALG;FL_WEL_P&R;FL00000R
kkR-yyyy-yy-80-OC0;OPERE CIVILI;1390;13;1320;ALG;FL_INFRAST;FL00000R
kkR-yyyy-yy-80-SLy;SILENZIATORE N.y;1390;13;1330;ALG;FL_WEL_P&R;FL00000R
kkR-yyyy-yy-80-TUy;TUBING POZZO N.y;1390;13;1320;ALG;FL_STEAMWA;FL00000R
kkR-yyyy-yy-80-TC0;TELECOMANDO;1390;13;1330;ALG;FL_OTHER;FL00000R
kkR-yyyy-yy-83;IMPIANTO INIBITORE;1360;13;1330;ALG;FL_FLUTREA;FL00000R
kkR-yyyy-yy-83-ARy;AGITATORE;1360;13;1330;ALG;FL_FLUTREA;FL00000R
kkR-yyyy-yy-83-CS0;STRUMENTAZIONE IMP.INIB.;1360;13;1330;ALG;FL_AUT&CON;FL00000R
kkR-yyyy-yy-83-PIy;POMPA INIBITORE;1360;13;1330;ALG;FL_PUMPS;FL00000R
kkR-yyyy-yy-83-PLy;POMPA TRASFERIMENTO E REINTEGRO;1360;13;1330;ALG;FL_PUMPS;FL00000R
kkR-yyyy-yy-83-QMn;QUADRO COMANDO IMP. INIB.;1360;13;1330;ALG;FL_FLUTREA;FL00000R
kkR-yyyy-yy-83-SAy;SERBATOIO INIB.;1360;13;1330;ALG;FL_FLUTREA;FL00000R
kkR-yyyy-yy-83-TV0;TUBAZIONI E VALVOLE IMPIANTO;1360;13;1330;ALG;FL_PIPING;FL00000R
kkR-yyyy-yy-85-nyy;TRATTO TUBAZIONE VAPORE nyy;1360;13;1330;ALG;FL_PIPING;FL00000R
kkR-yyyy-yy-85-nyy-kn;TRATTO TUBAZIONE VAPORE kn;1360;13;1330;ALG;FL_PIPING;FL00000R
kkR-yyyy-yy-85-CAy;CASSA ACQUA;1360;13;1330;ALG;FL_OTHER;FL00000R
kkR-yyyy-yy-85-CKy;STAZIONE ARIA COMPRESSA;1360;13;1330;ALG;FL_OTHER;FL00000R
kkR-yyyy-yy-85-CMy;CAMINO IMPIANTO;1360;13;1330;ALG;FL_OTHER;FL00000R
kkR-yyyy-yy-85-CSy;STRUMENTAZIONE POZZO;1360;13;1330;ALG;FL_AUT&CON;FL00000R
kkR-yyyy-yy-85-DR0;DRENAGGI;1360;13;1330;ALG;FL_PIPING;FL00000R
kkR-yyyy-yy-85-IC0;CLIMATIZZAZIONE;1360;13;1330;ALG;FL_BR_SYST;FL00000R
kkR-yyyy-yy-85-POy;POMPA;1360;13;1330;ALG;FL_PUMPS;FL00000R
kkR-yyyy-yy-85-Q1y;QUADRO UPS POZZO;1360;13;1330;ALG;FL_PIPING;FL00000R
kkR-yyyy-yy-85-QAy;QUADRO AUTOMAZIONE;1360;13;1330;ALG;FL_AUXSYST;FL00000R
kkR-yyyy-yy-85-QBy;QUADRO ALIMENTAZIONI;1360;13;1330;ALG;FL_AUXSYST;FL00000R
kkR-yyyy-yy-85-QMy;QUADRO MANOVRA;1360;13;1330;ALG;FL_AUXSYST;FL00000R
kkR-yyyy-yy-85-SLy;SILENZIATORE;1360;13;1330;ALG;FL_PIPING;FL00000R
kkR-yyyy-yy-85-SPy;SEPARATORE;1360;13;1330;ALG;FL_DEMIST;FL00000R
kkR-yyyy-yy-85-TCy;QUADRO TELECOMANDO;1360;13;1330;ALG;FL_OTHER;FL00000R
kkR-yyyy-yy-85-TVy;TUBAZIONI E VALVOLE;1360;13;1330;ALG;FL_PIPING;FL00000R
kkR-yyyy-yy-85-VBy;VALVOLA MOTORIZZATA;1360;13;1330;ALG;FL_ELECEQ;FL00000R
kkR-yyyy-yy-85-VHy;VALVOLA MOTORIZZATA HV;1360;13;1330;ALG;FL_ELECEQ;FL00000R
kkR-yyyy-yy-85-VRn;VASCA RECUPERO SPURGO;1360;13;1330;ALG;FL_INFRAST;FL00000R
kkR-yyyy-yy-85;CIRCUITO VAPORE;1360;13;1330;SIG;FL_PIPING;FL00000R
kkR-yyyy-yy-86;LAVAGGIO VAPORE;1360;13;1330;ILG;FL_STEAMWA;FL00000R
kkR-yyyy-yy-86-CAn;VASCA ACQUA;1360;13;1330;ALG;FL_STEAMWA;FL00000R
kkR-yyyy-yy-86-CB0;COM. E BLOCCHI  LAVAGGIO;1360;13;1330;ALG;FL_STEAMWA;FL00000R
kkR-yyyy-yy-86-CL0;CALCOLATORE IMPIANTO LAVAGGIO;1360;13;1330;ALG;FL_AUT&CON;FL00000R
kkR-yyyy-yy-86-CS0;STRUMENTAZIONE IMP. LAVAGGIO;1360;13;1330;ALG;FL_AUT&CON;FL00000R
kkR-yyyy-yy-86-DO0;DOCCIA EMERGENZA;1360;13;1330;ALG;FL_SAFSYST;FL00000R
kkR-yyyy-yy-86-DR0;DRENAGGI IMP. LAVAGGIO;1360;13;1330;ALG;FL_STEAMWA;FL00000R
kkR-yyyy-yy-86-IC0;QUADRO IMP.TO DI CLIMATIZZAZ.;1360;13;1330;ALG;FL_BR_SYST;FL00000R
kkR-yyyy-yy-86-IL0;IMP. DI ILLUMINAZ. LAVAGGIO;1360;13;1330;ALG;FL_STEAMWA;FL00000R
kkR-yyyy-yy-86-MC0;MISURE DI CICLO IMP. LAVAGG.;1360;13;1330;ALG;FL_AUT&CON;FL00000R
kkR-yyyy-yy-86-PCn;POMPA MISCELAZ. H2O SODA (PRS);1360;13;1330;ILG;FL_PUMPS;FL00000R
kkR-yyyy-yy-86-PDn;POMPA ACQUA DILUIZIONE SODA (PAD);1360;13;1330;ILG;FL_PUMPS;FL00000R
kkR-yyyy-yy-86-PLn;POMPA INIEZ.LAVAG.(PIL) RISERVA;1360;13;1330;ILG;FL_PUMPS;FL00000R
kkR-yyyy-yy-86-PMn;POMPA TRAVASO SERB. SODA LAV. (PCS);1360;13;1330;ALG;FL_PUMPS;FL00000R
kkR-yyyy-yy-86-PSn;POMPA DOSAT. SODA (PDS);1360;13;1330;ILG;FL_PUMPS;FL00000R
kkR-yyyy-yy-86-QL0;QUADRO ALIMENTAZIONE LAVAGGIO;1360;13;1330;ALG;FL_AUXSYST;FL00000R
kkR-yyyy-yy-86-SPy;SEPARATORE  LAVAGGIO;1360;13;1330;ILG;FL_DEMIST;FL00000R
kkR-yyyy-yy-86-SSn;SERBATOIO SODA IMP.LAVAGGIO SSn;1360;13;1330;ALG;FL_STEAMWA;FL00000R
kkR-yyyy-yy-86-TC0;TELECOMANDO LAVAGGIO;1360;13;1330;ALG;FL_OTHER;FL00000R
kkR-yyyy-yy-86-TVy;TUBAZ. E VALVOLE LAVAGGIO;1360;13;1330;ALG;FL_PIPING;FL00000R
kkR-yyyy-yy-86-SBn;SCAMBIAT. LINEA  IMP.LAVAG.;1360;13;1330;ILG;FL_EXCHANG;FL00000R
kkR-yyyy-yy-95;BIFASEDOTTI;1360;13;1330;SIG;FL_PIPING;FL00000R
kkR-yyyy-yy-95-nyy;TRATTE BIFASEDOTTI nyy;1360;13;1330;ALG;FL_PIPING;FL00000R
kkR-yyyy-yy-95-nyy-ky;TRATTE BIFASEDOTTI ky;1360;13;1330;ALG;FL_PIPING;FL00000R